CSV_COLUMN,CUSTOM_ATTRIBUTE_ID,CUSTOM_ATTRIBUTE_NAME,CUSTOM_ATTRIBUTE_LABEL,GROUP_NAME,DATA_TYPE,MAX_LENGTH,SOURCE
MODULE,,,,,,,record key from source table
RECORD_NUMBER,,,,,,,record key from source table
RECORD_ID,,,,,,,record key from source table
SEQUENCE_NUMBER,,,,,,,record key from source table
SUBMITTED_DATE,480,ip_submission_date,Submitted Date,Additional Dates,Date,,KCOEUS.CUSTOM_ATTRIBUTE (production configuration)
CENTER_AFFILIATION,500,center_affiliation,Center Affiliation,Center Affiliation,String,,KCOEUS.CUSTOM_ATTRIBUTE (production configuration)
EXPORT_CONTROL_NOT_APPLICABLE,1500,ExportCntrlNA,Export Control Not Applicable,Export Control,Boolean,,KCOEUS.CUSTOM_ATTRIBUTE (production configuration)
EXPORT_CONTROL_RESTRICTIONS,1530,ExportCntrlRestriction,Export control restrictions,Export Control,Boolean,,KCOEUS.CUSTOM_ATTRIBUTE (production configuration)
EXPORT_CONTROL_SECTION_LEFT_BLANK_ON_PSF,1540,ExportCntrlBlank,Export Control section left blank on PSF,Export Control,Boolean,,KCOEUS.CUSTOM_ATTRIBUTE (production configuration)
PRIOR_APPROVAL_FOR_DISSEMINATION_PUBLICATIONS,1510,PriorApprvDissemPub,Prior approval for dissemination/publications,Export Control,Boolean,,KCOEUS.CUSTOM_ATTRIBUTE (production configuration)
RESTRICTIONS_ON_ACCESS_OR_PARTICIPATION_BY_FOREIGN_NATIONALS,1520,RestrictForeignN,Restrictions on access or participation by foreign nationals,Export Control,Boolean,,KCOEUS.CUSTOM_ATTRIBUTE (production configuration)
POSTDOCTORAL_FELLOWSHIP_Y_N,1110,post_doc_fellow,Postdoctoral Fellowship? (Y/N),Fellowships,Boolean,,KCOEUS.CUSTOM_ATTRIBUTE (production configuration)
PREDOCTORAL_FELLOWSHIP_Y_N,1100,pre_doc_fellow,Predoctoral Fellowship? (Y/N),Fellowships,Boolean,,KCOEUS.CUSTOM_ATTRIBUTE (production configuration)
BILLING_AGREEMENT,1213,BillingAgmt,Billing Agreement,General,Boolean,,KCOEUS.CUSTOM_ATTRIBUTE (production configuration)
CONTRACT,1212,Contract,Contract,General,Boolean,,KCOEUS.CUSTOM_ATTRIBUTE (production configuration)
COVID_19_RESEARCH,1221,Covid_19_Research,COVID-19 Research,General,Boolean,,KCOEUS.CUSTOM_ATTRIBUTE (production configuration)
COVID_VACCINE_MANDATE,1222,COVID_Vaccine_Mandate,COVID Vaccine Mandate,General,Boolean,,KCOEUS.CUSTOM_ATTRIBUTE (production configuration)
LIMITED_SUBMISSION_OPPORTUNITY,9,Limited_Submission_Opportunity,Limited Submission Opportunity,General,Boolean,,KCOEUS.CUSTOM_ATTRIBUTE (production configuration)
NIH_ACTIVITY_CODE,1215,ActvCode,NIH Activity Code,General,String,4,KCOEUS.CUSTOM_ATTRIBUTE (production configuration)
OPPORTUNITY_NUMBER,1214,OppNum,Opportunity Number,General,String,,KCOEUS.CUSTOM_ATTRIBUTE (production configuration)
OPPORTUNITY_TITLE,1209,OppTitle,Opportunity Title,General,String,,KCOEUS.CUSTOM_ATTRIBUTE (production configuration)
TRUMP_EXEC_ORDER_CERT,6,Trump_Exec_Order_Cert,Trump Exec Order Cert,General,Boolean,,KCOEUS.CUSTOM_ATTRIBUTE (production configuration)
TRUMP_EXEC_ORDER_CERT_DET,5,Trump_Exec_Order_Cert_Det,Trump Exec Order Cert Det,General,Long String,,KCOEUS.CUSTOM_ATTRIBUTE (production configuration)
COUNTRY_OR_COUNTRIES_INVOLVED,795,Internl_countries,Country or countries involved,International Activity,String,,KCOEUS.CUSTOM_ATTRIBUTE (production configuration)
INTERNATIONAL_ACTIVITY_EXCLUDING_TRAVEL_TO_CONFERENCES_Y_N,700,internl_research,International activity? (excluding travel to conferences) (Y/N),International Activity,Boolean,,KCOEUS.CUSTOM_ATTRIBUTE (production configuration)
IS_THIS_ACTIVITY_PRIMARILY_COLLABORATION_WITH_COLLEAGUES_Y_N,710,prim_travel,Is this activity primarily collaboration with colleagues? (Y/N),International Activity,Boolean,,KCOEUS.CUSTOM_ATTRIBUTE (production configuration)
PERCENT_OF_THE_OVERALL_EFFORT_THAT_WILL_BE_PERFORMED_IN_ANOT,793,internl_effort,Percent of the overall effort that will be performed in another country,International Activity,Number,3,KCOEUS.CUSTOM_ATTRIBUTE (production configuration)
WILL_THESE_STAFF_BE_BU_EMPLOYEES_Y_N,750,emp_contr,Will these staff be BU employees? (Y/N),International Activity,Boolean,,KCOEUS.CUSTOM_ATTRIBUTE (production configuration)
WILL_THESE_STAFF_BE_THIRD_PARTY_CONTRACTORS_Y_N,753,3rd_party,Will these staff be third party contractors? (Y/N),International Activity,Boolean,,KCOEUS.CUSTOM_ATTRIBUTE (production configuration)
WILL_YOU_BE_CONDUCTING_HUMAN_SUBJECT_RESEARCH_INTERNATIONALL,790,hum_sub,Will you be conducting human subject research internationally? (Y/N),International Activity,Boolean,,KCOEUS.CUSTOM_ATTRIBUTE (production configuration)
WILL_YOU_BE_HIRING_TEMPORARY_OR_PERMANENT_STAFF_INTERNATIONA,740,temp_perm,Will you be hiring temporary or permanent staff internationally? (Y/N),International Activity,Boolean,,KCOEUS.CUSTOM_ATTRIBUTE (production configuration)
WILL_YOU_BE_INCURRING_IN_COUNTRY_OPERATIONAL_EXPENSES_Y_N,770,op_exp,Will you be incurring in-country operational expenses? (Y/N),International Activity,Boolean,,KCOEUS.CUSTOM_ATTRIBUTE (production configuration)
WILL_YOU_BE_OPENING_AND_OPERATING_AN_IN_COUNTRY_BANK_ACCOUNT,780,bank_acct,Will you be opening and operating an in-country bank account? (Y/N),International Activity,Boolean,,KCOEUS.CUSTOM_ATTRIBUTE (production configuration)
WILL_YOU_BE_RENTING_OR_LEASING_OFFICE_OR_RESEARCH_SPACE_Y_N,760,rent_lease,Will you be renting or leasing office or research space? (Y/N),International Activity,Boolean,,KCOEUS.CUSTOM_ATTRIBUTE (production configuration)
BUILDING_NAME,800,bldg_name,Building Name,Location of Research,String,,KCOEUS.CUSTOM_ATTRIBUTE (production configuration)
PRIVATE_USE_Y_N,830,private_use,Private Use (Y/N),Location of Research,Boolean,,KCOEUS.CUSTOM_ATTRIBUTE (production configuration)
ROOM_NUMBER,820,room_num,Room Number,Location of Research,String,,KCOEUS.CUSTOM_ATTRIBUTE (production configuration)
STREET_ADDRESS,811,str_add,Street Address,Location of Research,String,,KCOEUS.CUSTOM_ATTRIBUTE (production configuration)
NSF_ACTIVITY_TYPE,10,NSF_Activity_Type,NSF Activity Type,NSF HERD Survey Data,String,,KCOEUS.CUSTOM_ATTRIBUTE (production configuration)
REASON_FOR_WAIVER,11,Reason_for_Waiver,Reason for Waiver,NSF HERD Survey Data,String,,KCOEUS.CUSTOM_ATTRIBUTE (production configuration)
IF_THIS_A_DUAL_FUNDED_AWARD_SELECT_THE_OTHER_SPONSORED_AWARD,2,dual_funded,"If this a Dual-Funded Award, select the other Sponsored Award ID.",Project Relationships,String,30,KCOEUS.CUSTOM_ATTRIBUTE (production configuration)
PREVIOUS_COMPETITIVE_SEGMENT,1,competitive_segments,Previous Competitive Segment,Project Relationships,String,30,KCOEUS.CUSTOM_ATTRIBUTE (production configuration)
FUNDS_CENTER_NAME_1,600,fc_name_1,Funds Center Name 1,Space,String,,KCOEUS.CUSTOM_ATTRIBUTE (production configuration)
FUNDS_CENTER_NAME_2,620,fc_name_2,Funds Center Name 2,Space,String,,KCOEUS.CUSTOM_ATTRIBUTE (production configuration)
FUNDS_CENTER_NAME_3,640,fc_name_3,Funds Center Name 3,Space,String,,KCOEUS.CUSTOM_ATTRIBUTE (production configuration)
SPACE_ALLOCATION_1,610,sp_all_1,Space Allocation % 1,Space,Number,3,KCOEUS.CUSTOM_ATTRIBUTE (production configuration)
SPACE_ALLOCATION_2,630,sp_all_2,Space Allocation % 2,Space,Number,3,KCOEUS.CUSTOM_ATTRIBUTE (production configuration)
SPACE_ALLOCATION_3,650,sp_all_3,Space Allocation % 3,Space,Number,3,KCOEUS.CUSTOM_ATTRIBUTE (production configuration)
POST_DOCTORAL_TRAINEE_COUNT,4,postdoc-trainee,Post-Doctoral Trainee Count,Training Grant Supplemental Data,Number,3,KCOEUS.CUSTOM_ATTRIBUTE (production configuration)
PRE_DOCTORAL_TRAINEE_COUNT,3,predoc_trainee,Pre-Doctoral Trainee Count,Training Grant Supplemental Data,Number,3,KCOEUS.CUSTOM_ATTRIBUTE (production configuration)
