UI_SECTION,UI_TAB,UI_PANEL,UI_FIELD_NAME,UI_SHORT_LABEL,FIELD_DESCRIPTION,JAVA_CLASS,JAVA_PROPERTY,DB_TABLE,DB_COLUMN,DATA_TYPE,LOOKUP_TABLE,LOOKUP_COLUMN,LOOKUP_DESCRIPTION_COLUMN,FIELD_ORIGIN,CUSTOM_ATTRIBUTE_ID,REQUIRED,READ_ONLY,CONFIDENCE,SOURCE_FILE,NOTES
Negotiation Custom Data,General,negotiation Custom Data,Addgene Order Number,addgene_number,addgene_number,org.kuali.kra.negotiations.customdata.NegotiationCustomData,value,NEGOTIATION_CUSTOM_DATA,VALUE,String,CUSTOM_ATTRIBUTE,ID,LABEL,BU_CUSTOM_ATTRIBUTE,910,,,HIGH,KCOEUS.CUSTOM_ATTRIBUTE + CUSTOM_ATTRIBUTE_DOCUMENT (production),"logical field is CUSTOM_ATTRIBUTE_ID 910; VALUE is generic EAV storage, not the field name"
Negotiation Custom Data,General,negotiation Custom Data,Budget Approved (Y/N),budget_approval,budget_approval,org.kuali.kra.negotiations.customdata.NegotiationCustomData,value,NEGOTIATION_CUSTOM_DATA,VALUE,Boolean,CUSTOM_ATTRIBUTE,ID,LABEL,BU_CUSTOM_ATTRIBUTE,900,,,HIGH,KCOEUS.CUSTOM_ATTRIBUTE + CUSTOM_ATTRIBUTE_DOCUMENT (production),"logical field is CUSTOM_ATTRIBUTE_ID 900; VALUE is generic EAV storage, not the field name"
Negotiation Custom Data,General,negotiation Custom Data,Clinicaltrials.gov Reg. No.,ct_reg_num,ct_reg_num,org.kuali.kra.negotiations.customdata.NegotiationCustomData,value,NEGOTIATION_CUSTOM_DATA,VALUE,String,CUSTOM_ATTRIBUTE,ID,LABEL,BU_CUSTOM_ATTRIBUTE,920,,,HIGH,KCOEUS.CUSTOM_ATTRIBUTE + CUSTOM_ATTRIBUTE_DOCUMENT (production),"logical field is CUSTOM_ATTRIBUTE_ID 920; VALUE is generic EAV storage, not the field name"
Negotiation Custom Data,General,negotiation Custom Data,IND/IDE,ind_ide,ind_ide,org.kuali.kra.negotiations.customdata.NegotiationCustomData,value,NEGOTIATION_CUSTOM_DATA,VALUE,String,CUSTOM_ATTRIBUTE,ID,LABEL,BU_CUSTOM_ATTRIBUTE,970,,,HIGH,KCOEUS.CUSTOM_ATTRIBUTE + CUSTOM_ATTRIBUTE_DOCUMENT (production),"logical field is CUSTOM_ATTRIBUTE_ID 970; VALUE is generic EAV storage, not the field name"
Negotiation Custom Data,General,negotiation Custom Data,IRB Number,irb_number,irb_number,org.kuali.kra.negotiations.customdata.NegotiationCustomData,value,NEGOTIATION_CUSTOM_DATA,VALUE,String,CUSTOM_ATTRIBUTE,ID,LABEL,BU_CUSTOM_ATTRIBUTE,960,,,HIGH,KCOEUS.CUSTOM_ATTRIBUTE + CUSTOM_ATTRIBUTE_DOCUMENT (production),"logical field is CUSTOM_ATTRIBUTE_ID 960; VALUE is generic EAV storage, not the field name"
Negotiation Custom Data,Important Dates,negotiation Custom Data,MTA Expiration Date,mta_exp_date,mta_exp_date,org.kuali.kra.negotiations.customdata.NegotiationCustomData,value,NEGOTIATION_CUSTOM_DATA,VALUE,Date,CUSTOM_ATTRIBUTE,ID,LABEL,BU_CUSTOM_ATTRIBUTE,950,,,HIGH,KCOEUS.CUSTOM_ATTRIBUTE + CUSTOM_ATTRIBUTE_DOCUMENT (production),"logical field is CUSTOM_ATTRIBUTE_ID 950; VALUE is generic EAV storage, not the field name"
Negotiation Custom Data,Important Dates,negotiation Custom Data,Master Agreement End Date,msa_end_date,msa_end_date,org.kuali.kra.negotiations.customdata.NegotiationCustomData,value,NEGOTIATION_CUSTOM_DATA,VALUE,Date,CUSTOM_ATTRIBUTE,ID,LABEL,BU_CUSTOM_ATTRIBUTE,940,,,HIGH,KCOEUS.CUSTOM_ATTRIBUTE + CUSTOM_ATTRIBUTE_DOCUMENT (production),"logical field is CUSTOM_ATTRIBUTE_ID 940; VALUE is generic EAV storage, not the field name"
Negotiation Custom Data,Important Dates,negotiation Custom Data,Master Agreement Start Date,msa_start_date,msa_start_date,org.kuali.kra.negotiations.customdata.NegotiationCustomData,value,NEGOTIATION_CUSTOM_DATA,VALUE,Date,CUSTOM_ATTRIBUTE,ID,LABEL,BU_CUSTOM_ATTRIBUTE,930,,,HIGH,KCOEUS.CUSTOM_ATTRIBUTE + CUSTOM_ATTRIBUTE_DOCUMENT (production),"logical field is CUSTOM_ATTRIBUTE_ID 930; VALUE is generic EAV storage, not the field name"
Negotiation Negotiation,Negotiation,negotiation,Agreement Type,,Agreement Type,org.kuali.kra.negotiations.bo.Negotiation,negotiationAgreementTypeId,NEGOTIATION,NEGOTIATION_AGREEMENT_TYPE_ID,NUMBER,NEGOTIATION_AGREEMENT_TYPE,NEGOTIATION_AGRMNT_TYPE_ID,DESCRIPTION,CORE_KUALI,,,,HIGH,coeus-webapp/src/main/webapp/WEB-INF/tags/negotiation/negotiation.tag,
Negotiation Negotiation,Negotiation,negotiation,Anticipated Award Date,,Anticipated Award Date,org.kuali.kra.negotiations.bo.Negotiation,anticipatedAwardDate,NEGOTIATION,ANTICIPATED_AWARD_DATE,DATE,,,,CORE_KUALI,,,,HIGH,coeus-webapp/src/main/webapp/WEB-INF/tags/negotiation/negotiation.tag,
Negotiation Negotiation,Negotiation,negotiation,Document Folder,,Document Folder,org.kuali.kra.negotiations.bo.Negotiation,documentFolder,NEGOTIATION,DOCUMENT_FOLDER,VARCHAR2,,,,CORE_KUALI,,,,HIGH,coeus-webapp/src/main/webapp/WEB-INF/tags/negotiation/negotiation.tag,
Negotiation Negotiation,Negotiation,negotiation,End Date,,End Date,org.kuali.kra.negotiations.bo.Negotiation,negotiationEndDate,NEGOTIATION,NEGOTIATION_END_DATE,DATE,,,,CORE_KUALI,,,,HIGH,coeus-webapp/src/main/webapp/WEB-INF/tags/negotiation/negotiation.tag,
Negotiation Negotiation,Negotiation,negotiation,Negotiation Association ID,,Negotiation Association ID,org.kuali.kra.negotiations.bo.Negotiation,associatedDocumentId,NEGOTIATION,ASSOCIATED_DOCUMENT_ID,VARCHAR2,,,,CORE_KUALI,,,Y,HIGH,coeus-webapp/src/main/webapp/WEB-INF/tags/negotiation/negotiation.tag,
Negotiation Negotiation,Negotiation,negotiation,Negotiation Association Type,,Negotiation Association Type,org.kuali.kra.negotiations.bo.Negotiation,negotiationAssociationTypeId,NEGOTIATION,NEGOTIATION_ASSC_TYPE_ID,NUMBER,NEGOTIATION_ASSOCIATION_TYPE,NEGOTIATION_ASSC_TYPE_ID,DESCRIPTION,CORE_KUALI,,,,HIGH,coeus-webapp/src/main/webapp/WEB-INF/tags/negotiation/negotiation.tag,
Negotiation Negotiation,Negotiation,negotiation,Negotiation Status,,Negotiation Status,org.kuali.kra.negotiations.bo.Negotiation,negotiationStatusId,NEGOTIATION,NEGOTATION_STATUS_ID,NUMBER,NEGOTIATION_STATUS,NEGOTIATION_STATUS_ID,DESCRIPTION,CORE_KUALI,,,,HIGH,coeus-webapp/src/main/webapp/WEB-INF/tags/negotiation/negotiation.tag,
Negotiation Negotiation,Negotiation,negotiation,Start Date,,Start Date,org.kuali.kra.negotiations.bo.Negotiation,negotiationStartDate,NEGOTIATION,NEGOTIATION_START_DATE,DATE,,,,CORE_KUALI,,,,HIGH,coeus-webapp/src/main/webapp/WEB-INF/tags/negotiation/negotiation.tag,
Negotiation Negotiation,Negotiation,negotiation,,,,Negotiation,negotiationAge,,,,,,,DERIVED_DISPLAY,,,Y,LOW,coeus-webapp/src/main/webapp/WEB-INF/tags/negotiation/negotiation.tag,"no ORM mapping for this property - rendered from a related object or computed in Java/KRAD, not stored in its own column; no DataDictionary label in source; UI name not asserted"
Negotiation Negotiation,Negotiation,negotiation,,,,Negotiation,negotiatorUserName,,,,,,,DERIVED_DISPLAY,,,,LOW,coeus-webapp/src/main/webapp/WEB-INF/tags/negotiation/negotiation.tag,"no ORM mapping for this property - rendered from a related object or computed in Java/KRAD, not stored in its own column; no DataDictionary label in source; UI name not asserted"
Negotiation Negotiation,Negotiation,negotiation,,,,Negotiation,unAssociatedDetail.contactAdminUserName,,,,,,,DERIVED_DISPLAY,,,,LOW,coeus-webapp/src/main/webapp/WEB-INF/tags/negotiation/negotiation.tag,"no ORM mapping for this property - rendered from a related object or computed in Java/KRAD, not stored in its own column; no DataDictionary label in source; UI name not asserted"
Negotiation Negotiation,Negotiation,negotiation,,,,Negotiation,unAssociatedDetail.leadUnitNumber,,,,,,,DERIVED_DISPLAY,,,,LOW,coeus-webapp/src/main/webapp/WEB-INF/tags/negotiation/negotiation.tag,"no ORM mapping for this property - rendered from a related object or computed in Java/KRAD, not stored in its own column; no DataDictionary label in source; UI name not asserted"
Negotiation Negotiation,Negotiation,negotiation,,,,Negotiation,unAssociatedDetail.piEmployeeUserName,,,,,,,DERIVED_DISPLAY,,,,LOW,coeus-webapp/src/main/webapp/WEB-INF/tags/negotiation/negotiation.tag,"no ORM mapping for this property - rendered from a related object or computed in Java/KRAD, not stored in its own column; no DataDictionary label in source; UI name not asserted"
Negotiation Negotiation,Negotiation,negotiation,,,,Negotiation,unAssociatedDetail.piRolodexId,,,,,,,DERIVED_DISPLAY,,,,LOW,coeus-webapp/src/main/webapp/WEB-INF/tags/negotiation/negotiation.tag,"no ORM mapping for this property - rendered from a related object or computed in Java/KRAD, not stored in its own column; no DataDictionary label in source; UI name not asserted"
Negotiation Negotiation,Negotiation,negotiation,,,,Negotiation,unAssociatedDetail.primeSponsorCode,,,,,,,DERIVED_DISPLAY,,,,LOW,coeus-webapp/src/main/webapp/WEB-INF/tags/negotiation/negotiation.tag,"no ORM mapping for this property - rendered from a related object or computed in Java/KRAD, not stored in its own column; no DataDictionary label in source; UI name not asserted"
Negotiation Negotiation,Negotiation,negotiation,,,,Negotiation,unAssociatedDetail.sponsorAwardNumber,,,,,,,DERIVED_DISPLAY,,,,LOW,coeus-webapp/src/main/webapp/WEB-INF/tags/negotiation/negotiation.tag,"no ORM mapping for this property - rendered from a related object or computed in Java/KRAD, not stored in its own column; no DataDictionary label in source; UI name not asserted"
Negotiation Negotiation,Negotiation,negotiation,,,,Negotiation,unAssociatedDetail.sponsorCode,,,,,,,DERIVED_DISPLAY,,,,LOW,coeus-webapp/src/main/webapp/WEB-INF/tags/negotiation/negotiation.tag,"no ORM mapping for this property - rendered from a related object or computed in Java/KRAD, not stored in its own column; no DataDictionary label in source; UI name not asserted"
Negotiation Negotiation,Negotiation,negotiation,,,,Negotiation,unAssociatedDetail.subAwardOrganizationId,,,,,,,DERIVED_DISPLAY,,,,LOW,coeus-webapp/src/main/webapp/WEB-INF/tags/negotiation/negotiation.tag,"no ORM mapping for this property - rendered from a related object or computed in Java/KRAD, not stored in its own column; no DataDictionary label in source; UI name not asserted"
Negotiation Negotiation,Negotiation,negotiation,,,,Negotiation,unAssociatedDetail.title,,,,,,,DERIVED_DISPLAY,,,,LOW,coeus-webapp/src/main/webapp/WEB-INF/tags/negotiation/negotiation.tag,"no ORM mapping for this property - rendered from a related object or computed in Java/KRAD, not stored in its own column; no DataDictionary label in source; UI name not asserted"
Negotiation Negotiation,Activities,negotiation Activities,,,,NegotiationActivity,activitySortingTypeName,,,,,,,DERIVED_DISPLAY,,,,LOW,coeus-webapp/src/main/webapp/WEB-INF/tags/negotiation/negotiationActivities.tag,"no ORM mapping for this property - rendered from a related object or computed in Java/KRAD, not stored in its own column; no DataDictionary label in source; UI name not asserted"
Negotiation Negotiation,All Attachments,negotiation Activities,Activity Start Date,,Activity Start Date,org.kuali.kra.negotiations.bo.NegotiationActivity,startDate,NEGOTIATION_ACTIVITY,START_DATE,DATE,,,,CORE_KUALI,,,Y,HIGH,coeus-webapp/src/main/webapp/WEB-INF/tags/negotiation/negotiationActivities.tag,
Negotiation Negotiation,All Attachments,negotiation Activities,Activity Type,,Activity Type,org.kuali.kra.negotiations.bo.NegotiationActivity,activityTypeId,NEGOTIATION_ACTIVITY,ACTIVITY_TYPE_ID,NUMBER,NEGOTIATION_ACTIVITY_TYPE,NEGOTIATION_ACTIVITY_TYPE_ID,DESCRIPTION,CORE_KUALI,,,Y,HIGH,coeus-webapp/src/main/webapp/WEB-INF/tags/negotiation/negotiationActivities.tag,
Negotiation Negotiation,All Attachments,negotiation Activities,Attachment Description,,Attachment Description,org.kuali.kra.negotiations.bo.NegotiationActivityAttachment,description,NEGOTIATION_ATTACHMENT,DESCRIPTION,VARCHAR2,,,,CORE_KUALI,,,Y,HIGH,coeus-webapp/src/main/webapp/WEB-INF/tags/negotiation/negotiationActivities.tag,
Negotiation Negotiation,All Attachments,negotiation Activities,Location,,Location,org.kuali.kra.negotiations.bo.NegotiationActivity,locationId,NEGOTIATION_ACTIVITY,LOCATION_ID,NUMBER,NEGOTIATION_LOCATION,NEGOTIATION_LOCATION_ID,DESCRIPTION,CORE_KUALI,,,Y,HIGH,coeus-webapp/src/main/webapp/WEB-INF/tags/negotiation/negotiationActivities.tag,
Negotiation Negotiation,All Attachments,negotiation Activities,,,,NegotiationActivity,attachmentSortingTypeName,,,,,,,DERIVED_DISPLAY,,,,LOW,coeus-webapp/src/main/webapp/WEB-INF/tags/negotiation/negotiationActivities.tag,"no ORM mapping for this property - rendered from a related object or computed in Java/KRAD, not stored in its own column; no DataDictionary label in source; UI name not asserted"
Negotiation Negotiation,,negotiation Activity,Activity Start Date,,Activity Start Date,org.kuali.kra.negotiations.bo.NegotiationActivity,startDate,NEGOTIATION_ACTIVITY,START_DATE,DATE,,,,CORE_KUALI,,,,HIGH,coeus-webapp/src/main/webapp/WEB-INF/tags/negotiation/negotiationActivity.tag,
Negotiation Negotiation,,negotiation Activity,Last Update,,Last Update,org.kuali.kra.negotiations.bo.NegotiationActivity,lastModifiedDate,NEGOTIATION_ACTIVITY,LAST_MODIFIED_DATE,DATE,,,,CORE_KUALI,,,,HIGH,coeus-webapp/src/main/webapp/WEB-INF/tags/negotiation/negotiationActivity.tag,
Negotiation Negotiation,${tabTitle},negotiation Activity,Activity Description,,Activity Description,org.kuali.kra.negotiations.bo.NegotiationActivity,description,NEGOTIATION_ACTIVITY,DESCRIPTION,VARCHAR2,,,,CORE_KUALI,,,,HIGH,coeus-webapp/src/main/webapp/WEB-INF/tags/negotiation/negotiationActivity.tag,
Negotiation Negotiation,${tabTitle},negotiation Activity,Activity End Date,,Activity End Date,org.kuali.kra.negotiations.bo.NegotiationActivity,endDate,NEGOTIATION_ACTIVITY,END_DATE,DATE,,,,CORE_KUALI,,,,HIGH,coeus-webapp/src/main/webapp/WEB-INF/tags/negotiation/negotiationActivity.tag,
Negotiation Negotiation,${tabTitle},negotiation Activity,Activity Start Date,,Activity Start Date,org.kuali.kra.negotiations.bo.NegotiationActivity,startDate,NEGOTIATION_ACTIVITY,START_DATE,DATE,,,,CORE_KUALI,,,,HIGH,coeus-webapp/src/main/webapp/WEB-INF/tags/negotiation/negotiationActivity.tag,
Negotiation Negotiation,${tabTitle},negotiation Activity,Activity Type,,Activity Type,org.kuali.kra.negotiations.bo.NegotiationActivity,activityTypeId,NEGOTIATION_ACTIVITY,ACTIVITY_TYPE_ID,NUMBER,NEGOTIATION_ACTIVITY_TYPE,NEGOTIATION_ACTIVITY_TYPE_ID,DESCRIPTION,CORE_KUALI,,,,HIGH,coeus-webapp/src/main/webapp/WEB-INF/tags/negotiation/negotiationActivity.tag,
Negotiation Negotiation,${tabTitle},negotiation Activity,Attachment Description,,Attachment Description,org.kuali.kra.negotiations.bo.NegotiationActivityAttachment,description,NEGOTIATION_ATTACHMENT,DESCRIPTION,VARCHAR2,,,,CORE_KUALI,,,,HIGH,coeus-webapp/src/main/webapp/WEB-INF/tags/negotiation/negotiationActivity.tag,
Negotiation Negotiation,${tabTitle},negotiation Activity,Create Date,,Create Date,org.kuali.kra.negotiations.bo.NegotiationActivity,createDate,NEGOTIATION_ACTIVITY,CREATE_DATE,DATE,,,,CORE_KUALI,,,Y,HIGH,coeus-webapp/src/main/webapp/WEB-INF/tags/negotiation/negotiationActivity.tag,
Negotiation Negotiation,${tabTitle},negotiation Activity,Follow-up Date,,Follow-up Date,org.kuali.kra.negotiations.bo.NegotiationActivity,followupDate,NEGOTIATION_ACTIVITY,FOLLOWUP_DATE,DATE,,,,CORE_KUALI,,,,HIGH,coeus-webapp/src/main/webapp/WEB-INF/tags/negotiation/negotiationActivity.tag,
Negotiation Negotiation,${tabTitle},negotiation Activity,Last Update,,Last Update,org.kuali.kra.negotiations.bo.NegotiationActivity,lastModifiedDate,NEGOTIATION_ACTIVITY,LAST_MODIFIED_DATE,DATE,,,,CORE_KUALI,,,Y,HIGH,coeus-webapp/src/main/webapp/WEB-INF/tags/negotiation/negotiationActivity.tag,
Negotiation Negotiation,${tabTitle},negotiation Activity,Location,,Location,org.kuali.kra.negotiations.bo.NegotiationActivity,locationId,NEGOTIATION_ACTIVITY,LOCATION_ID,NUMBER,NEGOTIATION_LOCATION,NEGOTIATION_LOCATION_ID,DESCRIPTION,CORE_KUALI,,,,HIGH,coeus-webapp/src/main/webapp/WEB-INF/tags/negotiation/negotiationActivity.tag,
Negotiation Negotiation,${tabTitle},negotiation Activity,,,,NegotiationActivity,lastModifiedUserFullName,,,,,,,DERIVED_DISPLAY,,,,LOW,coeus-webapp/src/main/webapp/WEB-INF/tags/negotiation/negotiationActivity.tag,"no ORM mapping for this property - rendered from a related object or computed in Java/KRAD, not stored in its own column; no DataDictionary label in source; UI name not asserted"
Negotiation Negotiation,${tabTitle},negotiation Activity,,,,NegotiationActivity,newAttachment.newFile,,,,,,,DERIVED_DISPLAY,,,,LOW,coeus-webapp/src/main/webapp/WEB-INF/tags/negotiation/negotiationActivity.tag,"no ORM mapping for this property - rendered from a related object or computed in Java/KRAD, not stored in its own column; no DataDictionary label in source; UI name not asserted"
