TABLE_NAME,EXCLUSION_REASON,ROW_COUNT,COLUMN_COUNT,NOTE
AWARD_BU_BKUP,BACKUP_COPY,67120,80,excluded from Huron discovery package
AWARD_REPORT_TRACKING_BKP_1801,BACKUP_COPY,41036,30,excluded from Huron discovery package
CONTACT_TYPE_BKUP_1705,BACKUP_COPY,6,6,excluded from Huron discovery package
CONTACT_USAGE_BKUP_1705,BACKUP_COPY,6,7,excluded from Huron discovery package
EPS_PROP_PERS_YNQ_BAK,BACKUP_COPY,0,8,excluded from Huron discovery package
KRIM_ENTITY_EMP_INFO_T_BKP_03-28-25,BACKUP_COPY,28280,14,excluded from Huron discovery package
KRIM_PRNCPL_T_BKUP_2101,BACKUP_COPY,145937,8,excluded from Huron discovery package
KRMS_TERM_PARM_T_BAK07312017,BACKUP_COPY,13,5,excluded from Huron discovery package
ORGANIZATION_BKUP_201116,BACKUP_COPY,5297,40,excluded from Huron discovery package
ORGANIZATION_BKUP_220331,BACKUP_COPY,5701,41,excluded from Huron discovery package
PENDING_TRANSACTIONS_BU_BKUP,BACKUP_COPY,18714,18,excluded from Huron discovery package
PROPOSAL_ATTACHMENTS_BKUP_1709,BACKUP_COPY,15122,18,excluded from Huron discovery package
PROPOSAL_BU_BKUP,BACKUP_COPY,10936,60,excluded from Huron discovery package
PROPOSAL_LOG_BU_BKUP,BACKUP_COPY,8501,25,excluded from Huron discovery package
QUESTION_BAK07312017,BACKUP_COPY,318,18,excluded from Huron discovery package
SPONSOR_BKUP_220331,BACKUP_COPY,5696,25,excluded from Huron discovery package
SUBAWARD_AI_EXTN_BKUP_1608,BACKUP_COPY,20696,2,excluded from Huron discovery package
SUBAWARD_AMOUNT_INFO_BKUP_1608,BACKUP_COPY,20696,22,excluded from Huron discovery package
SUBAWARD_AMOUNT_INFO_BKUP_1907,BACKUP_COPY,3880,27,excluded from Huron discovery package
SUBAWARD_AMOUNT_INFO_BKUP_1909,BACKUP_COPY,69789,28,excluded from Huron discovery package
SUBAWARD_CONTACT_BKUP_1705,BACKUP_COPY,55856,10,excluded from Huron discovery package
SUBAWARD_CONTACT_BKUP_1812,BACKUP_COPY,97397,10,excluded from Huron discovery package
SUBAWARD_FUNDING_BKUP_201014A,BACKUP_COPY,200061,9,excluded from Huron discovery package
SUBAWARD_FUNDING_BKUP_201014B,BACKUP_COPY,199988,9,excluded from Huron discovery package
SUBAWARD_FUNDING_BKUP_201116A,BACKUP_COPY,151540,9,excluded from Huron discovery package
SUBAWARD_FUNDING_BKUP_201116B,BACKUP_COPY,151427,9,excluded from Huron discovery package
SUBAWARD_FUNDING_SRC_BKUP_2008,BACKUP_COPY,180592,9,excluded from Huron discovery package
SUBAWARD_FUNDING_SRC_BKUP_2010,BACKUP_COPY,195338,9,excluded from Huron discovery package
VH_SUBAWARD_BAK_1610_005,BACKUP_COPY,15123,12,excluded from Huron discovery package
BU_TEMP_AWARD_NEW_SEQ,BU_TEMP_WORKING,0,4,excluded from Huron discovery package
BU_TEMP_AWARD_TO_DELETE_TBL,BU_TEMP_WORKING,0,1,excluded from Huron discovery package
BU_TEMP_AWARD_USER_ID,BU_TEMP_WORKING,0,2,excluded from Huron discovery package
BU_TEMP_BLACKBOARD_TRAINING,BU_TEMP_WORKING,0,7,excluded from Huron discovery package
BU_TEMP_BLACKBOARD_TRAINING2,BU_TEMP_WORKING,0,6,excluded from Huron discovery package
BU_TEMP_CASCADE_DELETE_TBL,BU_TEMP_WORKING,0,6,excluded from Huron discovery package
BU_TEMP_COI_TO_MPI,BU_TEMP_WORKING,0,5,excluded from Huron discovery package
BU_TEMP_DA_ASSIGNMENTS,BU_TEMP_WORKING,0,6,excluded from Huron discovery package
BU_TEMP_DUP_BUDGETS_TO_DELETE,BU_TEMP_WORKING,0,6,excluded from Huron discovery package
BU_TEMP_EFFORT_COORDINATOR,BU_TEMP_WORKING,0,11,excluded from Huron discovery package
BU_TEMP_EMAIL,BU_TEMP_WORKING,0,5,excluded from Huron discovery package
BU_TEMP_ERA_COMMON,BU_TEMP_WORKING,0,7,excluded from Huron discovery package
BU_TEMP_FFATA_CONVERSION,BU_TEMP_WORKING,0,11,excluded from Huron discovery package
BU_TEMP_FFATA_SUBMITTER,BU_TEMP_WORKING,0,4,excluded from Huron discovery package
BU_TEMP_FFATA_TRACKER,BU_TEMP_WORKING,0,13,excluded from Huron discovery package
BU_TEMP_GRANDFATHER_B001,BU_TEMP_WORKING,0,5,excluded from Huron discovery package
BU_TEMP_GRANDFATHER_RATE,BU_TEMP_WORKING,0,2,excluded from Huron discovery package
BU_TEMP_GRANDFATHER_RATE_PART2,BU_TEMP_WORKING,0,2,excluded from Huron discovery package
BU_TEMP_INACTIVATE_SPONSORS,BU_TEMP_WORKING,0,1,excluded from Huron discovery package
BU_TEMP_IP_CUSTOM,BU_TEMP_WORKING,0,4,excluded from Huron discovery package
BU_TEMP_IP_CUSTOM_SUBMIT,BU_TEMP_WORKING,0,2,excluded from Huron discovery package
BU_TEMP_IP_NOTEPAD_ATTACHMENTS,BU_TEMP_WORKING,0,19,excluded from Huron discovery package
BU_TEMP_IP_OPPORTUNITY,BU_TEMP_WORKING,0,10,excluded from Huron discovery package
BU_TEMP_IRB,BU_TEMP_WORKING,0,7,excluded from Huron discovery package
BU_TEMP_IRB_AUTH_DT,BU_TEMP_WORKING,0,2,excluded from Huron discovery package
BU_TEMP_IRB_BASE,BU_TEMP_WORKING,0,83,excluded from Huron discovery package
BU_TEMP_IRB_CONSTANTS,BU_TEMP_WORKING,0,9,excluded from Huron discovery package
BU_TEMP_IRB_CONVERSION,BU_TEMP_WORKING,0,96,excluded from Huron discovery package
BU_TEMP_IRB_CUSTOM,BU_TEMP_WORKING,0,43,excluded from Huron discovery package
BU_TEMP_IRB_LOCATION,BU_TEMP_WORKING,0,4,excluded from Huron discovery package
BU_TEMP_IRB_NOTEPAD,BU_TEMP_WORKING,0,3,excluded from Huron discovery package
BU_TEMP_NEGOTIATION_CONVERSION,BU_TEMP_WORKING,0,27,excluded from Huron discovery package
BU_TEMP_OAV,BU_TEMP_WORKING,0,11,excluded from Huron discovery package
BU_TEMP_OPPORTUNITY,BU_TEMP_WORKING,0,5,excluded from Huron discovery package
BU_TEMP_PI,BU_TEMP_WORKING,0,6,excluded from Huron discovery package
BU_TEMP_P_AWARDS_WITH_BUDGETS,BU_TEMP_WORKING,0,6,excluded from Huron discovery package
BU_TEMP_SPONSOR,BU_TEMP_WORKING,0,3,excluded from Huron discovery package
BU_TEMP_SUBAWARD_CONVERSION,BU_TEMP_WORKING,0,41,excluded from Huron discovery package
AWARD_REPORT_TRACKING_20180517,DATED_SNAPSHOT,2474,31,excluded from Huron discovery package
AWARD_REPORT_TRACKING_FIX_1801,DATED_SNAPSHOT,38562,4,excluded from Huron discovery package
SUBAWARD_AI_FFATA_1608,DATED_SNAPSHOT,434,3,excluded from Huron discovery package
SUBAWARD_AMOUNT_INFO_DELETED,DELETED_ROWS_COPY,18928,22,excluded from Huron discovery package
COMMITTEE,IRB_IACUC_MODULE,50,21,excluded from Huron discovery package
COMMITTEE_DOCUMENT,IRB_IACUC_MODULE,50,7,excluded from Huron discovery package
COMMITTEE_TYPE,IRB_IACUC_MODULE,2,6,excluded from Huron discovery package
COMM_BATCH_CORRESP,IRB_IACUC_MODULE,2,11,excluded from Huron discovery package
COMM_BATCH_CORRESP_DETAIL,IRB_IACUC_MODULE,0,10,excluded from Huron discovery package
COMM_DECISION_MOTION_TYPE,IRB_IACUC_MODULE,4,6,excluded from Huron discovery package
COMM_MEMBERSHIPS,IRB_IACUC_MODULE,0,17,excluded from Huron discovery package
COMM_MEMBERSHIP_TYPE,IRB_IACUC_MODULE,2,6,excluded from Huron discovery package
COMM_MEMBER_EXPERTISE,IRB_IACUC_MODULE,0,8,excluded from Huron discovery package
COMM_MEMBER_ROLES,IRB_IACUC_MODULE,0,9,excluded from Huron discovery package
COMM_RESEARCH_AREAS,IRB_IACUC_MODULE,50,8,excluded from Huron discovery package
COMM_SCHEDULE,IRB_IACUC_MODULE,918,19,excluded from Huron discovery package
COMM_SCHEDULE_ACT_ITEMS,IRB_IACUC_MODULE,0,9,excluded from Huron discovery package
COMM_SCHEDULE_ATTACHMENTS,IRB_IACUC_MODULE,0,13,excluded from Huron discovery package
COMM_SCHEDULE_ATTENDANCE,IRB_IACUC_MODULE,0,13,excluded from Huron discovery package
COMM_SCHEDULE_FREQUENCY,IRB_IACUC_MODULE,11,7,excluded from Huron discovery package
COMM_SCHEDULE_MINUTES,IRB_IACUC_MODULE,0,25,excluded from Huron discovery package
COMM_SCHEDULE_MINUTE_DOC,IRB_IACUC_MODULE,0,11,excluded from Huron discovery package
CRC_DEVICE_LIST,IRB_IACUC_MODULE,57,2,excluded from Huron discovery package
CRC_STUDY_DEVICE,IRB_IACUC_MODULE,93,4,excluded from Huron discovery package
EXEMPTION_TYPE,IRB_IACUC_MODULE,8,7,excluded from Huron discovery package
EXEMPT_STUDIES_CHECKLIST,IRB_IACUC_MODULE,1,6,excluded from Huron discovery package
EXPEDITED_REVIEW_CHECKLIST,IRB_IACUC_MODULE,1,6,excluded from Huron discovery package
IACUC_AFFILIATION_TYPE,IRB_IACUC_MODULE,4,7,excluded from Huron discovery package
IACUC_ALT_SEARCH_DB,IRB_IACUC_MODULE,4,6,excluded from Huron discovery package
IACUC_BATCH_CORRESPONDENCE,IRB_IACUC_MODULE,2,11,excluded from Huron discovery package
IACUC_BATCH_CORRESP_DETAIL,IRB_IACUC_MODULE,3,8,excluded from Huron discovery package
IACUC_CORRESPONDENT_TYPE,IRB_IACUC_MODULE,3,7,excluded from Huron discovery package
IACUC_EXCEPTION_CATEGORY,IRB_IACUC_MODULE,14,7,excluded from Huron discovery package
IACUC_EXEMPT_NUMBER,IRB_IACUC_MODULE,0,7,excluded from Huron discovery package
IACUC_LOCATION_NAME,IRB_IACUC_MODULE,0,7,excluded from Huron discovery package
IACUC_LOCATION_TYPE,IRB_IACUC_MODULE,4,6,excluded from Huron discovery package
IACUC_ORG_CORRESPONDENT,IRB_IACUC_MODULE,0,10,excluded from Huron discovery package
IACUC_PAIN_CATEGORY,IRB_IACUC_MODULE,6,8,excluded from Huron discovery package
IACUC_PERSON_TRAINING,IRB_IACUC_MODULE,0,9,excluded from Huron discovery package
IACUC_PRINCIPLES,IRB_IACUC_MODULE,0,13,excluded from Huron discovery package
IACUC_PROCEDURES,IRB_IACUC_MODULE,19,7,excluded from Huron discovery package
IACUC_PROCEDURE_CATEGORY,IRB_IACUC_MODULE,7,7,excluded from Huron discovery package
IACUC_PROC_CAT_CUSTOM_DATA,IRB_IACUC_MODULE,6,15,excluded from Huron discovery package
IACUC_PROC_PERSON_RESPONSIBLE,IRB_IACUC_MODULE,0,7,excluded from Huron discovery package
IACUC_PROTOCOL,IRB_IACUC_MODULE,0,36,excluded from Huron discovery package
IACUC_PROTOCOL_ACTIONS,IRB_IACUC_MODULE,0,22,excluded from Huron discovery package
IACUC_PROTOCOL_ACTION_TYPE,IRB_IACUC_MODULE,51,9,excluded from Huron discovery package
IACUC_PROTOCOL_ALT_SEARCH,IRB_IACUC_MODULE,0,12,excluded from Huron discovery package
IACUC_PROTOCOL_ALT_SEARCH_DBS,IRB_IACUC_MODULE,0,7,excluded from Huron discovery package
IACUC_PROTOCOL_ATTACHMENT_TYPE,IRB_IACUC_MODULE,11,6,excluded from Huron discovery package
IACUC_PROTOCOL_ATTACH_PROTOCOL,IRB_IACUC_MODULE,0,20,excluded from Huron discovery package
IACUC_PROTOCOL_ATTACH_PRSNNL,IRB_IACUC_MODULE,0,13,excluded from Huron discovery package
IACUC_PROTOCOL_CONTINGENCY,IRB_IACUC_MODULE,10,6,excluded from Huron discovery package
IACUC_PROTOCOL_CORRESP_TYPE,IRB_IACUC_MODULE,29,7,excluded from Huron discovery package
IACUC_PROTOCOL_CUSTOM_DATA,IRB_IACUC_MODULE,0,8,excluded from Huron discovery package
IACUC_PROTOCOL_DOCUMENT,IRB_IACUC_MODULE,0,6,excluded from Huron discovery package
IACUC_PROTOCOL_EXCEPTIONS,IRB_IACUC_MODULE,0,13,excluded from Huron discovery package
IACUC_PROTOCOL_FUNDING_SOURCE,IRB_IACUC_MODULE,0,11,excluded from Huron discovery package
IACUC_PROTOCOL_LOCATION,IRB_IACUC_MODULE,0,11,excluded from Huron discovery package
IACUC_PROTOCOL_MODULES,IRB_IACUC_MODULE,16,6,excluded from Huron discovery package
IACUC_PROTOCOL_NOTEPAD,IRB_IACUC_MODULE,0,14,excluded from Huron discovery package
IACUC_PROTOCOL_NOTIFICATION,IRB_IACUC_MODULE,0,13,excluded from Huron discovery package
IACUC_PROTOCOL_OLR_DOCUMENT,IRB_IACUC_MODULE,0,5,excluded from Huron discovery package
IACUC_PROTOCOL_OLR_STATUS,IRB_IACUC_MODULE,3,6,excluded from Huron discovery package
IACUC_PROTOCOL_ONLN_RVWS,IRB_IACUC_MODULE,0,18,excluded from Huron discovery package
IACUC_PROTOCOL_ORG_TYPE,IRB_IACUC_MODULE,2,6,excluded from Huron discovery package
IACUC_PROTOCOL_PERSONS,IRB_IACUC_MODULE,0,73,excluded from Huron discovery package
IACUC_PROTOCOL_PERSON_ROLES,IRB_IACUC_MODULE,4,11,excluded from Huron discovery package
IACUC_PROTOCOL_PROJECT_TYPE,IRB_IACUC_MODULE,5,6,excluded from Huron discovery package
IACUC_PROTOCOL_PRSN_ROLE_MPPNG,IRB_IACUC_MODULE,4,7,excluded from Huron discovery package
IACUC_PROTOCOL_REFERENCES,IRB_IACUC_MODULE,0,15,excluded from Huron discovery package
IACUC_PROTOCOL_REFERENCE_TYPE,IRB_IACUC_MODULE,2,7,excluded from Huron discovery package
IACUC_PROTOCOL_RESEARCH_AREAS,IRB_IACUC_MODULE,0,9,excluded from Huron discovery package
IACUC_PROTOCOL_REVIEWERS,IRB_IACUC_MODULE,0,14,excluded from Huron discovery package
IACUC_PROTOCOL_REVIEWER_TYPE,IRB_IACUC_MODULE,3,6,excluded from Huron discovery package
IACUC_PROTOCOL_SPECIAL_REVIEW,IRB_IACUC_MODULE,0,16,excluded from Huron discovery package
IACUC_PROTOCOL_SPECIES,IRB_IACUC_MODULE,0,18,excluded from Huron discovery package
IACUC_PROTOCOL_STATUS,IRB_IACUC_MODULE,30,6,excluded from Huron discovery package
IACUC_PROTOCOL_STUDY_GROUPS,IRB_IACUC_MODULE,0,9,excluded from Huron discovery package
IACUC_PROTOCOL_STUDY_GROUP_HDR,IRB_IACUC_MODULE,0,10,excluded from Huron discovery package
IACUC_PROTOCOL_SUBMISSION,IRB_IACUC_MODULE,0,27,excluded from Huron discovery package
IACUC_PROTOCOL_SUBMISSION_DOC,IRB_IACUC_MODULE,0,15,excluded from Huron discovery package
IACUC_PROTOCOL_TYPE,IRB_IACUC_MODULE,6,6,excluded from Huron discovery package
IACUC_PROTOCOL_UNITS,IRB_IACUC_MODULE,0,11,excluded from Huron discovery package
IACUC_PROTO_AMEND_RENEWAL,IRB_IACUC_MODULE,0,11,excluded from Huron discovery package
IACUC_PROTO_AMEND_RENEW_MOD,IRB_IACUC_MODULE,0,9,excluded from Huron discovery package
IACUC_PROTO_ATTACHMENT_GROUP,IRB_IACUC_MODULE,2,6,excluded from Huron discovery package
IACUC_PROTO_ATTACHMENT_STATUS,IRB_IACUC_MODULE,2,6,excluded from Huron discovery package
IACUC_PROTO_ATTACH_TYPE_GROUP,IRB_IACUC_MODULE,12,7,excluded from Huron discovery package
IACUC_PROTO_CORRESPONDENCE,IRB_IACUC_MODULE,0,16,excluded from Huron discovery package
IACUC_PROTO_CORRESP_TEMPL,IRB_IACUC_MODULE,28,9,excluded from Huron discovery package
IACUC_PROTO_OLR_DT_REC_TYPE,IRB_IACUC_MODULE,19,8,excluded from Huron discovery package
IACUC_PROTO_REVIEW_TYPE,IRB_IACUC_MODULE,6,7,excluded from Huron discovery package
IACUC_PROTO_REVIEW_TYPE_DETER,IRB_IACUC_MODULE,3,5,excluded from Huron discovery package
IACUC_PROTO_STUDY_CUSTOM_DATA,IRB_IACUC_MODULE,0,8,excluded from Huron discovery package
IACUC_PROTO_STUDY_GROUP_LOCS,IRB_IACUC_MODULE,0,11,excluded from Huron discovery package
IACUC_RESEARCH_AREAS,IRB_IACUC_MODULE,38,9,excluded from Huron discovery package
IACUC_REVIEWER_ATTACHMENTS,IRB_IACUC_MODULE,0,17,excluded from Huron discovery package
IACUC_SPECIES,IRB_IACUC_MODULE,0,6,excluded from Huron discovery package
IACUC_SPECIES_COUNT_TYPE,IRB_IACUC_MODULE,3,6,excluded from Huron discovery package
IACUC_SUBMISSION_STATUS,IRB_IACUC_MODULE,22,6,excluded from Huron discovery package
IACUC_SUBMISSION_TYPE,IRB_IACUC_MODULE,13,6,excluded from Huron discovery package
IACUC_SUBMISSION_TYPE_QUALIF,IRB_IACUC_MODULE,13,6,excluded from Huron discovery package
IACUC_UNIT_CORRESPONDENT,IRB_IACUC_MODULE,0,10,excluded from Huron discovery package
IACUC_VALID_PROTO_SUB_TYP_QL,IRB_IACUC_MODULE,0,7,excluded from Huron discovery package
MINUTE_ENTRY_TYPE,IRB_IACUC_MODULE,6,7,excluded from Huron discovery package
PERSON_TRAINING,IRB_IACUC_MODULE,9,15,excluded from Huron discovery package
PERSON_TRAINING_CITI,IRB_IACUC_MODULE,0,48,excluded from Huron discovery package
PERSON_TRAINING_CITI_ERR,IRB_IACUC_MODULE,0,7,excluded from Huron discovery package
PERSON_TRAINING_CITI_MAP,IRB_IACUC_MODULE,0,8,excluded from Huron discovery package
PROTOCOL,IRB_IACUC_MODULE,35353,29,excluded from Huron discovery package
PROTOCOL_ACTIONS,IRB_IACUC_MODULE,906088,21,excluded from Huron discovery package
PROTOCOL_ACTION_TYPE,IRB_IACUC_MODULE,51,9,excluded from Huron discovery package
PROTOCOL_ATTACHMENT_GROUP,IRB_IACUC_MODULE,2,6,excluded from Huron discovery package
PROTOCOL_ATTACHMENT_PERSONNEL,IRB_IACUC_MODULE,0,13,excluded from Huron discovery package
PROTOCOL_ATTACHMENT_PROTOCOL,IRB_IACUC_MODULE,6,20,excluded from Huron discovery package
PROTOCOL_ATTACHMENT_STATUS,IRB_IACUC_MODULE,2,6,excluded from Huron discovery package
PROTOCOL_ATTACHMENT_TYPE,IRB_IACUC_MODULE,11,6,excluded from Huron discovery package
PROTOCOL_ATTACHMENT_TYPE_GROUP,IRB_IACUC_MODULE,12,7,excluded from Huron discovery package
PROTOCOL_CONTINGENCY,IRB_IACUC_MODULE,34,6,excluded from Huron discovery package
PROTOCOL_CORRESPONDENCE,IRB_IACUC_MODULE,0,16,excluded from Huron discovery package
PROTOCOL_DOCUMENT,IRB_IACUC_MODULE,35353,7,excluded from Huron discovery package
PROTOCOL_EXEMPT_CHKLST,IRB_IACUC_MODULE,2848,11,excluded from Huron discovery package
PROTOCOL_EXEMPT_NUMBER,IRB_IACUC_MODULE,0,7,excluded from Huron discovery package
PROTOCOL_EXPIDITED_CHKLST,IRB_IACUC_MODULE,198234,11,excluded from Huron discovery package
PROTOCOL_FUNDING_SOURCE,IRB_IACUC_MODULE,43444,11,excluded from Huron discovery package
PROTOCOL_LOCATION,IRB_IACUC_MODULE,40171,11,excluded from Huron discovery package
PROTOCOL_MODULES,IRB_IACUC_MODULE,12,6,excluded from Huron discovery package
PROTOCOL_NOTEPAD,IRB_IACUC_MODULE,11534,14,excluded from Huron discovery package
PROTOCOL_NOTIFICATION,IRB_IACUC_MODULE,20131,13,excluded from Huron discovery package
PROTOCOL_ONLN_RVWS,IRB_IACUC_MODULE,0,16,excluded from Huron discovery package
PROTOCOL_ONLN_RVW_DETERM_RECOM,IRB_IACUC_MODULE,8,6,excluded from Huron discovery package
PROTOCOL_ONLN_RVW_DOCUMENT,IRB_IACUC_MODULE,0,5,excluded from Huron discovery package
PROTOCOL_ONLN_RVW_STATUS,IRB_IACUC_MODULE,3,6,excluded from Huron discovery package
PROTOCOL_ORG_TYPE,IRB_IACUC_MODULE,2,6,excluded from Huron discovery package
PROTOCOL_PERSONS,IRB_IACUC_MODULE,265316,73,excluded from Huron discovery package
PROTOCOL_PERSON_ROLES,IRB_IACUC_MODULE,5,11,excluded from Huron discovery package
PROTOCOL_PERSON_ROLE_MAPPING,IRB_IACUC_MODULE,8,7,excluded from Huron discovery package
PROTOCOL_REFERENCES,IRB_IACUC_MODULE,0,14,excluded from Huron discovery package
PROTOCOL_REFERENCE_TYPE,IRB_IACUC_MODULE,4,7,excluded from Huron discovery package
PROTOCOL_RESEARCH_AREAS,IRB_IACUC_MODULE,35353,9,excluded from Huron discovery package
PROTOCOL_REVIEWERS,IRB_IACUC_MODULE,0,14,excluded from Huron discovery package
PROTOCOL_REVIEWER_TYPE,IRB_IACUC_MODULE,2,6,excluded from Huron discovery package
PROTOCOL_REVIEW_TYPE,IRB_IACUC_MODULE,7,7,excluded from Huron discovery package
PROTOCOL_RISK_LEVELS,IRB_IACUC_MODULE,0,13,excluded from Huron discovery package
PROTOCOL_SPECIAL_REVIEW,IRB_IACUC_MODULE,0,14,excluded from Huron discovery package
PROTOCOL_STATUS,IRB_IACUC_MODULE,30,6,excluded from Huron discovery package
PROTOCOL_SUBMISSION,IRB_IACUC_MODULE,222013,26,excluded from Huron discovery package
PROTOCOL_SUBMISSION_DOC,IRB_IACUC_MODULE,0,15,excluded from Huron discovery package
PROTOCOL_TYPE,IRB_IACUC_MODULE,5,7,excluded from Huron discovery package
PROTOCOL_UNITS,IRB_IACUC_MODULE,52610,11,excluded from Huron discovery package
PROTOCOL_VOTE_ABSTAINEES,IRB_IACUC_MODULE,0,13,excluded from Huron discovery package
PROTOCOL_VOTE_RECUSED,IRB_IACUC_MODULE,0,13,excluded from Huron discovery package
PROTOCOL_VULNERABLE_SUB,IRB_IACUC_MODULE,17,10,excluded from Huron discovery package
PROTO_AMEND_RENEWAL,IRB_IACUC_MODULE,16578,11,excluded from Huron discovery package
PROTO_AMEND_RENEW_MODULES,IRB_IACUC_MODULE,21912,9,excluded from Huron discovery package
PROTO_CORRESP_TEMPL,IRB_IACUC_MODULE,18,9,excluded from Huron discovery package
PROTO_CORRESP_TYPE,IRB_IACUC_MODULE,27,7,excluded from Huron discovery package
PROTO_NOTIFICATION_TEMPL,IRB_IACUC_MODULE,0,8,excluded from Huron discovery package
REVIEWER_ATTACHMENTS,IRB_IACUC_MODULE,0,17,excluded from Huron discovery package
RISK_LEVEL,IRB_IACUC_MODULE,5,6,excluded from Huron discovery package
SCHEDULE_ACT_ITEM_TYPE,IRB_IACUC_MODULE,5,6,excluded from Huron discovery package
SCHEDULE_AGENDA,IRB_IACUC_MODULE,0,11,excluded from Huron discovery package
SCHEDULE_STATUS,IRB_IACUC_MODULE,4,6,excluded from Huron discovery package
SUBMISSION_STATUS,IRB_IACUC_MODULE,23,6,excluded from Huron discovery package
SUBMISSION_TYPE,IRB_IACUC_MODULE,18,6,excluded from Huron discovery package
SUBMISSION_TYPE_QUALIFIER,IRB_IACUC_MODULE,16,6,excluded from Huron discovery package
TRAINING,IRB_IACUC_MODULE,1,6,excluded from Huron discovery package
TRAINING_MODULES,IRB_IACUC_MODULE,0,7,excluded from Huron discovery package
TRAINING_STIPEND_RATES,IRB_IACUC_MODULE,33,10,excluded from Huron discovery package
VALID_IACUC_PROTO_ACTN_ACTN,IRB_IACUC_MODULE,4,11,excluded from Huron discovery package
VALID_IACUC_PROTO_ACT_CORESP,IRB_IACUC_MODULE,30,8,excluded from Huron discovery package
VALID_IACUC_PROTO_SUB_REV_TYPE,IRB_IACUC_MODULE,0,7,excluded from Huron discovery package
VALID_PROTO_ACTION_ACTION,IRB_IACUC_MODULE,4,10,excluded from Huron discovery package
VALID_PROTO_ACTION_CORESP,IRB_IACUC_MODULE,15,8,excluded from Huron discovery package
VALID_PROTO_SUB_REV_TYPE,IRB_IACUC_MODULE,87,7,excluded from Huron discovery package
VALID_PROTO_SUB_TYPE_QUAL,IRB_IACUC_MODULE,16,7,excluded from Huron discovery package
VULNERABLE_SUBJECT_TYPE,IRB_IACUC_MODULE,10,6,excluded from Huron discovery package
CUST_REPORT_DETAILS,NOT_GRANTS_SCOPE,1,12,no Grants domain rule matched; review if BU expects it
CUST_REPORT_TYPE,NOT_GRANTS_SCOPE,1,6,no Grants domain rule matched; review if BU expects it
CUST_RPT_DEFAULT_PARMS,NOT_GRANTS_SCOPE,0,9,no Grants domain rule matched; review if BU expects it
CUST_RPT_TYPE_DOCUMENT,NOT_GRANTS_SCOPE,0,6,no Grants domain rule matched; review if BU expects it
DMS_FK_PERMANENTLY_DISABLED,NOT_GRANTS_SCOPE,112,3,no Grants domain rule matched; review if BU expects it
KC_KRMS_TERM_FUNCTION,NOT_GRANTS_SCOPE,47,9,no Grants domain rule matched; review if BU expects it
KC_KRMS_TERM_FUN_PARAM,NOT_GRANTS_SCOPE,79,9,no Grants domain rule matched; review if BU expects it
MEMBERSHIP_ROLE,NOT_GRANTS_SCOPE,19,7,no Grants domain rule matched; review if BU expects it
PMC_AWARD,PMC_MODULE,25,11,excluded from Huron discovery package
PMC_EPS_PROPOSAL,PMC_MODULE,25,9,excluded from Huron discovery package
PMC_IACUC_PROTOCOL,PMC_MODULE,25,9,excluded from Huron discovery package
PMC_NEGOTIATION,PMC_MODULE,25,7,excluded from Huron discovery package
PMC_PROPOSAL,PMC_MODULE,25,11,excluded from Huron discovery package
PMC_PROPOSAL_LOG,PMC_MODULE,25,7,excluded from Huron discovery package
PMC_PROTOCOL,PMC_MODULE,25,10,excluded from Huron discovery package
PMC_SUBAWARD,PMC_MODULE,25,8,excluded from Huron discovery package
PMC_UNIT_ADMINISTRATOR,PMC_MODULE,25,13,excluded from Huron discovery package
QUESTION,QUESTIONNAIRE_MODULE,321,18,excluded from Huron discovery package
QUESTIONNAIRE,QUESTIONNAIRE_MODULE,17,13,excluded from Huron discovery package
QUESTIONNAIRE_ANSWER,QUESTIONNAIRE_MODULE,0,11,excluded from Huron discovery package
QUESTIONNAIRE_ANSWER_HEADER,QUESTIONNAIRE_MODULE,0,11,excluded from Huron discovery package
QUESTIONNAIRE_CONDITION_TYPE,QUESTIONNAIRE_MODULE,13,6,excluded from Huron discovery package
QUESTIONNAIRE_QUESTIONS,QUESTIONNAIRE_MODULE,704,14,excluded from Huron discovery package
QUESTIONNAIRE_USAGE,QUESTIONNAIRE_MODULE,17,12,excluded from Huron discovery package
QUESTION_EXPLANATION,QUESTIONNAIRE_MODULE,545,8,excluded from Huron discovery package
QUESTION_MULTI_CHOICE,QUESTIONNAIRE_MODULE,0,8,excluded from Huron discovery package
QUESTION_TYPES,QUESTIONNAIRE_MODULE,8,6,excluded from Huron discovery package
YNQ,QUESTIONNAIRE_MODULE,63,14,excluded from Huron discovery package
YNQ_EXPLANATION,QUESTIONNAIRE_MODULE,30,7,excluded from Huron discovery package
YNQ_EXPLANATION_TYPE,QUESTIONNAIRE_MODULE,3,6,excluded from Huron discovery package
TMP_PROTOCOL_OHRP_FIX,REPAIR_FIX_TABLE,0,5,excluded from Huron discovery package
DMS_SMOKE_TEST,SMOKE_TEST,0,1,excluded from Huron discovery package
TST_SEARCH_ATTR_INDX_TST_DOC_T,SMOKE_TEST,0,8,excluded from Huron discovery package
GTT_IRB_PROTOCOL_LIST,TEMP_WORKING,0,1,excluded from Huron discovery package
TEMP_EMAIL_INPUT,TEMP_WORKING,0,1,excluded from Huron discovery package
TEMP_PROPOSALS,TEMP_WORKING,0,1,excluded from Huron discovery package
ACCT_DD_ATTR_DOC,WORKFLOW_IDENTITY_INFRA,0,10,excluded from Huron discovery package
BATCH_CORRESPONDENCE,WORKFLOW_IDENTITY_INFRA,2,11,excluded from Huron discovery package
BATCH_CORRESPONDENCE_DETAIL,WORKFLOW_IDENTITY_INFRA,3,8,excluded from Huron discovery package
CORE_IMPERSONATION,WORKFLOW_IDENTITY_INFRA,0,10,excluded from Huron discovery package
CX_HRAPI_IMPORT_ERRORS,WORKFLOW_IDENTITY_INFRA,0,5,excluded from Huron discovery package
CX_HRAPI_IMPORT_PERSONS,WORKFLOW_IDENTITY_INFRA,0,3,excluded from Huron discovery package
CX_HRAPI_IMPORT_STATUS,WORKFLOW_IDENTITY_INFRA,0,7,excluded from Huron discovery package
DASH_BOARD_MENU_ITEMS,WORKFLOW_IDENTITY_INFRA,55,9,excluded from Huron discovery package
DATA_DICTIONARY_OVERRIDE,WORKFLOW_IDENTITY_INFRA,0,9,excluded from Huron discovery package
DOCUMENT_ACCESS,WORKFLOW_IDENTITY_INFRA,0,9,excluded from Huron discovery package
DOCUMENT_WORKFLOW_USER_DETAILS,WORKFLOW_IDENTITY_INFRA,0,9,excluded from Huron discovery package
DOCUMENT_WORKLOAD_DETAILS,WORKFLOW_IDENTITY_INFRA,0,8,excluded from Huron discovery package
FORMS_XML_REORDER,WORKFLOW_IDENTITY_INFRA,15,8,excluded from Huron discovery package
FP_DOC_TYPE_T,WORKFLOW_IDENTITY_INFRA,98,5,excluded from Huron discovery package
KC_QRTZ_BLOB_TRIGGERS,WORKFLOW_IDENTITY_INFRA,0,4,excluded from Huron discovery package
KC_QRTZ_CALENDARS,WORKFLOW_IDENTITY_INFRA,0,3,excluded from Huron discovery package
KC_QRTZ_CRON_TRIGGERS,WORKFLOW_IDENTITY_INFRA,8,5,excluded from Huron discovery package
KC_QRTZ_FIRED_TRIGGERS,WORKFLOW_IDENTITY_INFRA,0,14,excluded from Huron discovery package
KC_QRTZ_JOB_DETAILS,WORKFLOW_IDENTITY_INFRA,9,10,excluded from Huron discovery package
KC_QRTZ_JOB_LISTENERS,WORKFLOW_IDENTITY_INFRA,0,3,excluded from Huron discovery package
KC_QRTZ_LOCKS,WORKFLOW_IDENTITY_INFRA,3,2,excluded from Huron discovery package
KC_QRTZ_PAUSED_TRIGGER_GRPS,WORKFLOW_IDENTITY_INFRA,0,2,excluded from Huron discovery package
KC_QRTZ_SCHEDULER_STATE,WORKFLOW_IDENTITY_INFRA,0,4,excluded from Huron discovery package
KC_QRTZ_SIMPLE_TRIGGERS,WORKFLOW_IDENTITY_INFRA,0,6,excluded from Huron discovery package
KC_QRTZ_SIMPROP_TRIGGERS,WORKFLOW_IDENTITY_INFRA,0,14,excluded from Huron discovery package
KC_QRTZ_TRIGGERS,WORKFLOW_IDENTITY_INFRA,8,16,excluded from Huron discovery package
KC_QRTZ_TRIGGER_LISTENERS,WORKFLOW_IDENTITY_INFRA,0,3,excluded from Huron discovery package
KRAD_MSG_T,WORKFLOW_IDENTITY_INFRA,0,8,excluded from Huron discovery package
KRA_USER,WORKFLOW_IDENTITY_INFRA,0,11,excluded from Huron discovery package
KRCR_CMPNT_SET_T,WORKFLOW_IDENTITY_INFRA,1,4,excluded from Huron discovery package
KRCR_CMPNT_T,WORKFLOW_IDENTITY_INFRA,67,6,excluded from Huron discovery package
KRCR_DRVD_CMPNT_T,WORKFLOW_IDENTITY_INFRA,86,4,excluded from Huron discovery package
KRCR_NMSPC_T,WORKFLOW_IDENTITY_INFRA,36,6,excluded from Huron discovery package
KRCR_PARM_T,WORKFLOW_IDENTITY_INFRA,960,10,excluded from Huron discovery package
KRCR_PARM_TYP_T,WORKFLOW_IDENTITY_INFRA,4,5,excluded from Huron discovery package
KRCR_STYLE_T,WORKFLOW_IDENTITY_INFRA,0,6,excluded from Huron discovery package
KREN_CHNL_PRODCR_T,WORKFLOW_IDENTITY_INFRA,1,2,excluded from Huron discovery package
KREN_CHNL_SUBSCRP_T,WORKFLOW_IDENTITY_INFRA,0,5,excluded from Huron discovery package
KREN_CHNL_T,WORKFLOW_IDENTITY_INFRA,2,6,excluded from Huron discovery package
KREN_CNTNT_TYP_T,WORKFLOW_IDENTITY_INFRA,2,10,excluded from Huron discovery package
KREN_MSG_DELIV_T,WORKFLOW_IDENTITY_INFRA,0,8,excluded from Huron discovery package
KREN_MSG_T,WORKFLOW_IDENTITY_INFRA,0,12,excluded from Huron discovery package
KREN_NTFCTN_MSG_DELIV_T,WORKFLOW_IDENTITY_INFRA,20071,8,excluded from Huron discovery package
KREN_NTFCTN_T,WORKFLOW_IDENTITY_INFRA,62080,16,excluded from Huron discovery package
KREN_PRIO_T,WORKFLOW_IDENTITY_INFRA,3,6,excluded from Huron discovery package
KREN_PRODCR_T,WORKFLOW_IDENTITY_INFRA,2,6,excluded from Huron discovery package
KREN_RECIP_DELIV_T,WORKFLOW_IDENTITY_INFRA,0,5,excluded from Huron discovery package
KREN_RECIP_LIST_T,WORKFLOW_IDENTITY_INFRA,0,6,excluded from Huron discovery package
KREN_RECIP_PREFS_T,WORKFLOW_IDENTITY_INFRA,0,5,excluded from Huron discovery package
KREN_RECIP_T,WORKFLOW_IDENTITY_INFRA,20091,6,excluded from Huron discovery package
KREN_RVWER_T,WORKFLOW_IDENTITY_INFRA,0,6,excluded from Huron discovery package
KREN_SNDR_T,WORKFLOW_IDENTITY_INFRA,62080,5,excluded from Huron discovery package
KREW_ACTN_ITM_T,WORKFLOW_IDENTITY_INFRA,42191,19,excluded from Huron discovery package
KREW_ACTN_RQST_T,WORKFLOW_IDENTITY_INFRA,755017,28,excluded from Huron discovery package
KREW_ACTN_TKN_T,WORKFLOW_IDENTITY_INFRA,1503560,11,excluded from Huron discovery package
KREW_APP_DOC_STAT_TRAN_T,WORKFLOW_IDENTITY_INFRA,189185,7,excluded from Huron discovery package
KREW_ATTR_DEFN_T,WORKFLOW_IDENTITY_INFRA,3,8,excluded from Huron discovery package
KREW_ATT_T,WORKFLOW_IDENTITY_INFRA,0,7,excluded from Huron discovery package
KREW_DLGN_RSP_T,WORKFLOW_IDENTITY_INFRA,0,6,excluded from Huron discovery package
KREW_DOC_HDR_CNTNT_T,WORKFLOW_IDENTITY_INFRA,844181,2,excluded from Huron discovery package
KREW_DOC_HDR_EXT_DT_T,WORKFLOW_IDENTITY_INFRA,0,4,excluded from Huron discovery package
KREW_DOC_HDR_EXT_FLT_T,WORKFLOW_IDENTITY_INFRA,0,4,excluded from Huron discovery package
KREW_DOC_HDR_EXT_LONG_T,WORKFLOW_IDENTITY_INFRA,0,4,excluded from Huron discovery package
KREW_DOC_HDR_EXT_T,WORKFLOW_IDENTITY_INFRA,2236696,4,excluded from Huron discovery package
KREW_DOC_HDR_T,WORKFLOW_IDENTITY_INFRA,844364,19,excluded from Huron discovery package
KREW_DOC_LNK_T,WORKFLOW_IDENTITY_INFRA,0,3,excluded from Huron discovery package
KREW_DOC_NTE_T,WORKFLOW_IDENTITY_INFRA,0,6,excluded from Huron discovery package
KREW_DOC_TYP_APP_DOC_STAT_T,WORKFLOW_IDENTITY_INFRA,0,6,excluded from Huron discovery package
KREW_DOC_TYP_APP_STAT_CAT_T,WORKFLOW_IDENTITY_INFRA,0,4,excluded from Huron discovery package
KREW_DOC_TYP_ATTR_T,WORKFLOW_IDENTITY_INFRA,153,4,excluded from Huron discovery package
KREW_DOC_TYP_PLCY_RELN_T,WORKFLOW_IDENTITY_INFRA,170,6,excluded from Huron discovery package
KREW_DOC_TYP_PROC_T,WORKFLOW_IDENTITY_INFRA,168,6,excluded from Huron discovery package
KREW_DOC_TYP_T,WORKFLOW_IDENTITY_INFRA,1578,28,excluded from Huron discovery package
KREW_EDL_ASSCTN_T,WORKFLOW_IDENTITY_INFRA,0,7,excluded from Huron discovery package
KREW_EDL_DEF_T,WORKFLOW_IDENTITY_INFRA,0,6,excluded from Huron discovery package
KREW_EDL_DMP_T,WORKFLOW_IDENTITY_INFRA,0,9,excluded from Huron discovery package
KREW_EDL_FLD_DMP_T,WORKFLOW_IDENTITY_INFRA,0,5,excluded from Huron discovery package
KREW_INIT_RTE_NODE_INSTN_T,WORKFLOW_IDENTITY_INFRA,823152,2,excluded from Huron discovery package
KREW_OUT_BOX_ITM_T,WORKFLOW_IDENTITY_INFRA,146578,18,excluded from Huron discovery package
KREW_PPL_FLW_ATTR_T,WORKFLOW_IDENTITY_INFRA,0,5,excluded from Huron discovery package
KREW_PPL_FLW_DLGT_T,WORKFLOW_IDENTITY_INFRA,0,8,excluded from Huron discovery package
KREW_PPL_FLW_MBR_T,WORKFLOW_IDENTITY_INFRA,4,9,excluded from Huron discovery package
KREW_PPL_FLW_T,WORKFLOW_IDENTITY_INFRA,1,7,excluded from Huron discovery package
KREW_RTE_BRCH_PROTO_T,WORKFLOW_IDENTITY_INFRA,26,3,excluded from Huron discovery package
KREW_RTE_BRCH_ST_T,WORKFLOW_IDENTITY_INFRA,1525927,5,excluded from Huron discovery package
KREW_RTE_BRCH_T,WORKFLOW_IDENTITY_INFRA,1223788,7,excluded from Huron discovery package
KREW_RTE_NODE_CFG_PARM_T,WORKFLOW_IDENTITY_INFRA,1631,4,excluded from Huron discovery package
KREW_RTE_NODE_INSTN_LNK_T,WORKFLOW_IDENTITY_INFRA,1055700,2,excluded from Huron discovery package
KREW_RTE_NODE_INSTN_ST_T,WORKFLOW_IDENTITY_INFRA,927774,5,excluded from Huron discovery package
KREW_RTE_NODE_INSTN_T,WORKFLOW_IDENTITY_INFRA,1886197,9,excluded from Huron discovery package
KREW_RTE_NODE_LNK_T,WORKFLOW_IDENTITY_INFRA,203,2,excluded from Huron discovery package
KREW_RTE_NODE_T,WORKFLOW_IDENTITY_INFRA,364,14,excluded from Huron discovery package
KREW_RULE_ATTR_T,WORKFLOW_IDENTITY_INFRA,56,10,excluded from Huron discovery package
KREW_RULE_EXPR_T,WORKFLOW_IDENTITY_INFRA,2,5,excluded from Huron discovery package
KREW_RULE_EXT_T,WORKFLOW_IDENTITY_INFRA,44,4,excluded from Huron discovery package
KREW_RULE_EXT_VAL_T,WORKFLOW_IDENTITY_INFRA,55,5,excluded from Huron discovery package
KREW_RULE_RSP_T,WORKFLOW_IDENTITY_INFRA,40,10,excluded from Huron discovery package
KREW_RULE_T,WORKFLOW_IDENTITY_INFRA,55,20,excluded from Huron discovery package
KREW_RULE_TMPL_ATTR_T,WORKFLOW_IDENTITY_INFRA,15,9,excluded from Huron discovery package
KREW_RULE_TMPL_OPTN_T,WORKFLOW_IDENTITY_INFRA,0,5,excluded from Huron discovery package
KREW_RULE_TMPL_T,WORKFLOW_IDENTITY_INFRA,13,6,excluded from Huron discovery package
KREW_TYP_ATTR_T,WORKFLOW_IDENTITY_INFRA,3,6,excluded from Huron discovery package
KREW_TYP_T,WORKFLOW_IDENTITY_INFRA,4,6,excluded from Huron discovery package
KREW_USR_OPTN_T,WORKFLOW_IDENTITY_INFRA,20212,4,excluded from Huron discovery package
KRIM_ADDR_TYP_T,WORKFLOW_IDENTITY_INFRA,3,7,excluded from Huron discovery package
KRIM_AFLTN_TYP_T,WORKFLOW_IDENTITY_INFRA,20,8,excluded from Huron discovery package
KRIM_ATTR_DEFN_T,WORKFLOW_IDENTITY_INFRA,46,8,excluded from Huron discovery package
KRIM_CTZNSHP_STAT_T,WORKFLOW_IDENTITY_INFRA,0,7,excluded from Huron discovery package
KRIM_DLGN_MBR_ATTR_DATA_T,WORKFLOW_IDENTITY_INFRA,0,7,excluded from Huron discovery package
KRIM_DLGN_MBR_T,WORKFLOW_IDENTITY_INFRA,0,10,excluded from Huron discovery package
KRIM_DLGN_T,WORKFLOW_IDENTITY_INFRA,0,7,excluded from Huron discovery package
KRIM_EMAIL_TYP_T,WORKFLOW_IDENTITY_INFRA,3,7,excluded from Huron discovery package
KRIM_EMP_STAT_T,WORKFLOW_IDENTITY_INFRA,4,7,excluded from Huron discovery package
KRIM_EMP_TYP_T,WORKFLOW_IDENTITY_INFRA,16,7,excluded from Huron discovery package
KRIM_ENTITY_ADDR_T,WORKFLOW_IDENTITY_INFRA,113284,22,excluded from Huron discovery package
KRIM_ENTITY_AFLTN_T,WORKFLOW_IDENTITY_INFRA,345628,9,excluded from Huron discovery package
KRIM_ENTITY_BIO_T,WORKFLOW_IDENTITY_INFRA,0,16,excluded from Huron discovery package
KRIM_ENTITY_CACHE_T,WORKFLOW_IDENTITY_INFRA,31569,13,excluded from Huron discovery package
KRIM_ENTITY_CTZNSHP_T,WORKFLOW_IDENTITY_INFRA,0,10,excluded from Huron discovery package
KRIM_ENTITY_EMAIL_T,WORKFLOW_IDENTITY_INFRA,315267,10,excluded from Huron discovery package
KRIM_ENTITY_EMP_INFO_T,WORKFLOW_IDENTITY_INFRA,453173,14,excluded from Huron discovery package
KRIM_ENTITY_EMP_INFO_T_MONDAY,WORKFLOW_IDENTITY_INFRA,398988,14,excluded from Huron discovery package
KRIM_ENTITY_ENT_TYP_T,WORKFLOW_IDENTITY_INFRA,284242,6,excluded from Huron discovery package
KRIM_ENTITY_ETHNIC_T,WORKFLOW_IDENTITY_INFRA,0,6,excluded from Huron discovery package
KRIM_ENTITY_EXT_ID_T,WORKFLOW_IDENTITY_INFRA,0,7,excluded from Huron discovery package
KRIM_ENTITY_NM_T,WORKFLOW_IDENTITY_INFRA,338964,16,excluded from Huron discovery package
KRIM_ENTITY_PHONE_T,WORKFLOW_IDENTITY_INFRA,103863,12,excluded from Huron discovery package
KRIM_ENTITY_PRIV_PREF_T,WORKFLOW_IDENTITY_INFRA,484,9,excluded from Huron discovery package
KRIM_ENTITY_RESIDENCY_T,WORKFLOW_IDENTITY_INFRA,0,6,excluded from Huron discovery package
KRIM_ENTITY_T,WORKFLOW_IDENTITY_INFRA,284760,5,excluded from Huron discovery package
KRIM_ENTITY_VISA_T,WORKFLOW_IDENTITY_INFRA,0,7,excluded from Huron discovery package
KRIM_ENT_NM_TYP_T,WORKFLOW_IDENTITY_INFRA,3,7,excluded from Huron discovery package
KRIM_ENT_TYP_T,WORKFLOW_IDENTITY_INFRA,2,6,excluded from Huron discovery package
KRIM_EXT_ID_TYP_T,WORKFLOW_IDENTITY_INFRA,1,8,excluded from Huron discovery package
KRIM_GRP_ATTR_DATA_T,WORKFLOW_IDENTITY_INFRA,0,7,excluded from Huron discovery package
KRIM_GRP_DOCUMENT_T,WORKFLOW_IDENTITY_INFRA,44,9,excluded from Huron discovery package
KRIM_GRP_MBR_T,WORKFLOW_IDENTITY_INFRA,672,9,excluded from Huron discovery package
KRIM_GRP_T,WORKFLOW_IDENTITY_INFRA,22,9,excluded from Huron discovery package
KRIM_PERM_ATTR_DATA_T,WORKFLOW_IDENTITY_INFRA,404,7,excluded from Huron discovery package
KRIM_PERM_T,WORKFLOW_IDENTITY_INFRA,392,8,excluded from Huron discovery package
KRIM_PERM_TMPL_T,WORKFLOW_IDENTITY_INFRA,70,8,excluded from Huron discovery package
KRIM_PERSON_DOCUMENT_T,WORKFLOW_IDENTITY_INFRA,1097,9,excluded from Huron discovery package
KRIM_PHONE_TYP_T,WORKFLOW_IDENTITY_INFRA,4,7,excluded from Huron discovery package
KRIM_PND_ADDR_MT,WORKFLOW_IDENTITY_INFRA,839,22,excluded from Huron discovery package
KRIM_PND_AFLTN_MT,WORKFLOW_IDENTITY_INFRA,1314,9,excluded from Huron discovery package
KRIM_PND_CTZNSHP_MT,WORKFLOW_IDENTITY_INFRA,0,10,excluded from Huron discovery package
KRIM_PND_DLGN_MBR_ATTR_DATA_T,WORKFLOW_IDENTITY_INFRA,0,10,excluded from Huron discovery package
KRIM_PND_DLGN_MBR_T,WORKFLOW_IDENTITY_INFRA,0,12,excluded from Huron discovery package
KRIM_PND_DLGN_T,WORKFLOW_IDENTITY_INFRA,0,8,excluded from Huron discovery package
KRIM_PND_EMAIL_MT,WORKFLOW_IDENTITY_INFRA,1158,10,excluded from Huron discovery package
KRIM_PND_EMP_INFO_MT,WORKFLOW_IDENTITY_INFRA,2809,14,excluded from Huron discovery package
KRIM_PND_GRP_ATTR_DATA_T,WORKFLOW_IDENTITY_INFRA,0,10,excluded from Huron discovery package
KRIM_PND_GRP_MBR_T,WORKFLOW_IDENTITY_INFRA,1147,10,excluded from Huron discovery package
KRIM_PND_GRP_PRNCPL_MT,WORKFLOW_IDENTITY_INFRA,1641,14,excluded from Huron discovery package
KRIM_PND_NM_MT,WORKFLOW_IDENTITY_INFRA,1208,16,excluded from Huron discovery package
KRIM_PND_PHONE_MT,WORKFLOW_IDENTITY_INFRA,1978,12,excluded from Huron discovery package
KRIM_PND_PRIV_PREF_MT,WORKFLOW_IDENTITY_INFRA,1097,9,excluded from Huron discovery package
KRIM_PND_ROLE_MBR_ATTR_DATA_MT,WORKFLOW_IDENTITY_INFRA,7528,10,excluded from Huron discovery package
KRIM_PND_ROLE_MBR_MT,WORKFLOW_IDENTITY_INFRA,13485,11,excluded from Huron discovery package
KRIM_PND_ROLE_MT,WORKFLOW_IDENTITY_INFRA,2086,9,excluded from Huron discovery package
KRIM_PND_ROLE_PERM_T,WORKFLOW_IDENTITY_INFRA,190,7,excluded from Huron discovery package
KRIM_PND_ROLE_RSP_ACTN_MT,WORKFLOW_IDENTITY_INFRA,10,11,excluded from Huron discovery package
KRIM_PND_ROLE_RSP_T,WORKFLOW_IDENTITY_INFRA,10,7,excluded from Huron discovery package
KRIM_PRNCPL_T,WORKFLOW_IDENTITY_INFRA,275678,8,excluded from Huron discovery package
KRIM_ROLE_DOCUMENT_T,WORKFLOW_IDENTITY_INFRA,22,9,excluded from Huron discovery package
KRIM_ROLE_MBR_ATTR_DATA_T,WORKFLOW_IDENTITY_INFRA,97543,7,excluded from Huron discovery package
KRIM_ROLE_MBR_T,WORKFLOW_IDENTITY_INFRA,106100,9,excluded from Huron discovery package
KRIM_ROLE_PERM_T,WORKFLOW_IDENTITY_INFRA,1047,6,excluded from Huron discovery package
KRIM_ROLE_RSP_ACTN_T,WORKFLOW_IDENTITY_INFRA,27,9,excluded from Huron discovery package
KRIM_ROLE_RSP_T,WORKFLOW_IDENTITY_INFRA,27,6,excluded from Huron discovery package
KRIM_ROLE_T,WORKFLOW_IDENTITY_INFRA,194,9,excluded from Huron discovery package
KRIM_RSP_ATTR_DATA_T,WORKFLOW_IDENTITY_INFRA,94,7,excluded from Huron discovery package
KRIM_RSP_T,WORKFLOW_IDENTITY_INFRA,25,8,excluded from Huron discovery package
KRIM_RSP_TMPL_T,WORKFLOW_IDENTITY_INFRA,2,8,excluded from Huron discovery package
KRIM_TYP_ATTR_T,WORKFLOW_IDENTITY_INFRA,94,7,excluded from Huron discovery package
KRIM_TYP_T,WORKFLOW_IDENTITY_INFRA,91,7,excluded from Huron discovery package
KRLC_CMP_T,WORKFLOW_IDENTITY_INFRA,7,7,excluded from Huron discovery package
KRLC_CMP_TYP_T,WORKFLOW_IDENTITY_INFRA,3,5,excluded from Huron discovery package
KRLC_CNTRY_T,WORKFLOW_IDENTITY_INFRA,269,8,excluded from Huron discovery package
KRLC_CNTY_T,WORKFLOW_IDENTITY_INFRA,0,7,excluded from Huron discovery package
KRLC_PSTL_CD_T,WORKFLOW_IDENTITY_INFRA,0,8,excluded from Huron discovery package
KRLC_ST_T,WORKFLOW_IDENTITY_INFRA,67,7,excluded from Huron discovery package
KRMS_ACTN_ATTR_T,WORKFLOW_IDENTITY_INFRA,2,5,excluded from Huron discovery package
KRMS_ACTN_T,WORKFLOW_IDENTITY_INFRA,1,8,excluded from Huron discovery package
KRMS_AGENDA_ATTR_T,WORKFLOW_IDENTITY_INFRA,2,5,excluded from Huron discovery package
KRMS_AGENDA_ITM_T,WORKFLOW_IDENTITY_INFRA,15,8,excluded from Huron discovery package
KRMS_AGENDA_T,WORKFLOW_IDENTITY_INFRA,2,7,excluded from Huron discovery package
KRMS_ATTR_DEFN_T,WORKFLOW_IDENTITY_INFRA,11,8,excluded from Huron discovery package
KRMS_CMPND_PROP_PROPS_T,WORKFLOW_IDENTITY_INFRA,2,2,excluded from Huron discovery package
KRMS_CNTXT_ATTR_T,WORKFLOW_IDENTITY_INFRA,0,5,excluded from Huron discovery package
KRMS_CNTXT_T,WORKFLOW_IDENTITY_INFRA,8,7,excluded from Huron discovery package
KRMS_CNTXT_VLD_ACTN_TYP_T,WORKFLOW_IDENTITY_INFRA,26,4,excluded from Huron discovery package
KRMS_CNTXT_VLD_AGENDA_TYP_T,WORKFLOW_IDENTITY_INFRA,12,4,excluded from Huron discovery package
KRMS_CNTXT_VLD_FUNC_T,WORKFLOW_IDENTITY_INFRA,0,4,excluded from Huron discovery package
KRMS_CNTXT_VLD_RULE_TYP_T,WORKFLOW_IDENTITY_INFRA,8,4,excluded from Huron discovery package
KRMS_CNTXT_VLD_TERM_SPEC_T,WORKFLOW_IDENTITY_INFRA,185,4,excluded from Huron discovery package
KRMS_CTGRY_T,WORKFLOW_IDENTITY_INFRA,30,4,excluded from Huron discovery package
KRMS_FUNC_CTGRY_T,WORKFLOW_IDENTITY_INFRA,0,2,excluded from Huron discovery package
KRMS_FUNC_PARM_T,WORKFLOW_IDENTITY_INFRA,255,6,excluded from Huron discovery package
KRMS_FUNC_T,WORKFLOW_IDENTITY_INFRA,148,8,excluded from Huron discovery package
KRMS_NL_TMPL_ATTR_T,WORKFLOW_IDENTITY_INFRA,0,5,excluded from Huron discovery package
KRMS_NL_TMPL_T,WORKFLOW_IDENTITY_INFRA,0,7,excluded from Huron discovery package
KRMS_NL_USAGE_ATTR_T,WORKFLOW_IDENTITY_INFRA,0,5,excluded from Huron discovery package
KRMS_NL_USAGE_T,WORKFLOW_IDENTITY_INFRA,0,6,excluded from Huron discovery package
KRMS_PROP_PARM_T,WORKFLOW_IDENTITY_INFRA,51,6,excluded from Huron discovery package
KRMS_PROP_T,WORKFLOW_IDENTITY_INFRA,18,8,excluded from Huron discovery package
KRMS_REF_OBJ_KRMS_OBJ_T,WORKFLOW_IDENTITY_INFRA,0,9,excluded from Huron discovery package
KRMS_RULE_ATTR_T,WORKFLOW_IDENTITY_INFRA,0,5,excluded from Huron discovery package
KRMS_RULE_T,WORKFLOW_IDENTITY_INFRA,15,8,excluded from Huron discovery package
KRMS_TERM_PARM_T,WORKFLOW_IDENTITY_INFRA,13,5,excluded from Huron discovery package
KRMS_TERM_RSLVR_ATTR_T,WORKFLOW_IDENTITY_INFRA,0,5,excluded from Huron discovery package
KRMS_TERM_RSLVR_INPUT_SPEC_T,WORKFLOW_IDENTITY_INFRA,0,2,excluded from Huron discovery package
KRMS_TERM_RSLVR_PARM_SPEC_T,WORKFLOW_IDENTITY_INFRA,123,4,excluded from Huron discovery package
KRMS_TERM_RSLVR_T,WORKFLOW_IDENTITY_INFRA,157,7,excluded from Huron discovery package
KRMS_TERM_SPEC_CTGRY_T,WORKFLOW_IDENTITY_INFRA,180,2,excluded from Huron discovery package
KRMS_TERM_SPEC_T,WORKFLOW_IDENTITY_INFRA,185,7,excluded from Huron discovery package
KRMS_TERM_T,WORKFLOW_IDENTITY_INFRA,105,4,excluded from Huron discovery package
KRMS_TYP_ATTR_T,WORKFLOW_IDENTITY_INFRA,25,6,excluded from Huron discovery package
KRMS_TYP_RELN_T,WORKFLOW_IDENTITY_INFRA,0,7,excluded from Huron discovery package
KRMS_TYP_T,WORKFLOW_IDENTITY_INFRA,27,6,excluded from Huron discovery package
KRNS_ADHOC_RTE_ACTN_RECIP_T,WORKFLOW_IDENTITY_INFRA,104,6,excluded from Huron discovery package
KRNS_ATT_T,WORKFLOW_IDENTITY_INFRA,95,8,excluded from Huron discovery package
KRNS_DOC_HDR_T,WORKFLOW_IDENTITY_INFRA,779203,7,excluded from Huron discovery package
KRNS_LOOKUP_RSLT_T,WORKFLOW_IDENTITY_INFRA,10367,6,excluded from Huron discovery package
KRNS_LOOKUP_SEL_T,WORKFLOW_IDENTITY_INFRA,8341,6,excluded from Huron discovery package
KRNS_MAINT_DOC_ATT_LST_T,WORKFLOW_IDENTITY_INFRA,0,7,excluded from Huron discovery package
KRNS_MAINT_DOC_ATT_T,WORKFLOW_IDENTITY_INFRA,0,6,excluded from Huron discovery package
KRNS_MAINT_DOC_T,WORKFLOW_IDENTITY_INFRA,63026,4,excluded from Huron discovery package
KRNS_MAINT_LOCK_T,WORKFLOW_IDENTITY_INFRA,9,5,excluded from Huron discovery package
KRNS_NTE_T,WORKFLOW_IDENTITY_INFRA,93667,10,excluded from Huron discovery package
KRNS_NTE_TYP_T,WORKFLOW_IDENTITY_INFRA,2,5,excluded from Huron discovery package
KRNS_PESSIMISTIC_LOCK_T,WORKFLOW_IDENTITY_INFRA,5,8,excluded from Huron discovery package
KRNS_SESN_DOC_T,WORKFLOW_IDENTITY_INFRA,31,9,excluded from Huron discovery package
KRSB_BAM_PARM_T,WORKFLOW_IDENTITY_INFRA,0,3,excluded from Huron discovery package
KRSB_BAM_T,WORKFLOW_IDENTITY_INFRA,0,10,excluded from Huron discovery package
KRSB_MSG_PYLD_T,WORKFLOW_IDENTITY_INFRA,20649,2,excluded from Huron discovery package
KRSB_MSG_QUE_T,WORKFLOW_IDENTITY_INFRA,20649,13,excluded from Huron discovery package
KRSB_QRTZ_BLOB_TRIGGERS,WORKFLOW_IDENTITY_INFRA,0,4,excluded from Huron discovery package
KRSB_QRTZ_CALENDARS,WORKFLOW_IDENTITY_INFRA,0,3,excluded from Huron discovery package
KRSB_QRTZ_CRON_TRIGGERS,WORKFLOW_IDENTITY_INFRA,0,5,excluded from Huron discovery package
KRSB_QRTZ_FIRED_TRIGGERS,WORKFLOW_IDENTITY_INFRA,3,14,excluded from Huron discovery package
KRSB_QRTZ_JOB_DETAILS,WORKFLOW_IDENTITY_INFRA,3,10,excluded from Huron discovery package
KRSB_QRTZ_JOB_LISTENERS,WORKFLOW_IDENTITY_INFRA,0,3,excluded from Huron discovery package
KRSB_QRTZ_LOCKS,WORKFLOW_IDENTITY_INFRA,9,2,excluded from Huron discovery package
KRSB_QRTZ_PAUSED_TRIGGER_GRPS,WORKFLOW_IDENTITY_INFRA,0,2,excluded from Huron discovery package
KRSB_QRTZ_SCHEDULER_STATE,WORKFLOW_IDENTITY_INFRA,4,4,excluded from Huron discovery package
KRSB_QRTZ_SIMPLE_TRIGGERS,WORKFLOW_IDENTITY_INFRA,4,6,excluded from Huron discovery package
KRSB_QRTZ_SIMPROP_TRIGGERS,WORKFLOW_IDENTITY_INFRA,0,14,excluded from Huron discovery package
KRSB_QRTZ_TRIGGERS,WORKFLOW_IDENTITY_INFRA,4,16,excluded from Huron discovery package
KRSB_QRTZ_TRIGGER_LISTENERS,WORKFLOW_IDENTITY_INFRA,0,3,excluded from Huron discovery package
KRSB_SVC_DEF_T,WORKFLOW_IDENTITY_INFRA,0,12,excluded from Huron discovery package
KRSB_SVC_DSCRPTR_T,WORKFLOW_IDENTITY_INFRA,0,2,excluded from Huron discovery package
MSG_OF_THE_DAY,WORKFLOW_IDENTITY_INFRA,0,8,excluded from Huron discovery package
NOTIFICATION,WORKFLOW_IDENTITY_INFRA,0,9,excluded from Huron discovery package
NOTIFICATION_MDL_ROLE_QLFR,WORKFLOW_IDENTITY_INFRA,70,7,excluded from Huron discovery package
NOTIFICATION_MODULE_ROLE,WORKFLOW_IDENTITY_INFRA,66,7,excluded from Huron discovery package
NOTIFICATION_TYPE,WORKFLOW_IDENTITY_INFRA,145,14,excluded from Huron discovery package
NOTIFICATION_TYPE_RECIPIENT,WORKFLOW_IDENTITY_INFRA,233,8,excluded from Huron discovery package
REST_AUDIT_LOG,WORKFLOW_IDENTITY_INFRA,0,7,excluded from Huron discovery package
TRV_ACCT_USE_RT_T,WORKFLOW_IDENTITY_INFRA,0,5,excluded from Huron discovery package
WATERMARK,WORKFLOW_IDENTITY_INFRA,31,18,excluded from Huron discovery package
