DOMAIN,TABLE_NAME,EXTRACT_TYPE,ROW_COUNT,COLUMN_COUNT,PRIMARY_KEY,LINEAGE_KEYS,CONTAINS_PII,NOTES
Award,AWARD,SAMPLE,282464,57,AWARD_ID,"AWARD_ID,AWARD_NUMBER,PROPOSAL_NUMBER,SEQUENCE_NUMBER,DOCUMENT_NUMBER,SPONSOR_CODE",N,
Award,AWARD_ACCOUNT,EMPTY,0,14,ID,,N,"no rows in production; columns documented, no data file"
Award,AWARD_AMOUNT_INFO,SAMPLE,923457,31,AWARD_AMOUNT_INFO_ID,"AWARD_ID,AWARD_NUMBER,SEQUENCE_NUMBER",N,
Award,AWARD_AMOUNT_TRANSACTION,SAMPLE,235797,10,AWARD_AMOUNT_TRANSACTION_ID,AWARD_NUMBER,N,
Award,AWARD_AMT_FNA_DISTRIBUTION,SAMPLE,458011,15,AWARD_AMT_FNA_DISTRIBUTION_ID,"AWARD_ID,AWARD_NUMBER,SEQUENCE_NUMBER",N,
Award,AWARD_APPROVED_EQUIPMENT,FULL,3,12,AWARD_APPROVED_EQUIPMENT_ID,"AWARD_ID,AWARD_NUMBER,SEQUENCE_NUMBER",N,
Award,AWARD_APPROVED_FOREIGN_TRAVEL,EMPTY,0,15,AWARD_APPR_FORN_TRAVEL_ID,"AWARD_ID,AWARD_NUMBER,SEQUENCE_NUMBER,PERSON_ID,ROLODEX_ID",N,"no rows in production; columns documented, no data file"
Award,AWARD_APPROVED_SUBAWARDS,FULL,9336,11,AWARD_APPROVED_SUBAWARD_ID,"AWARD_ID,AWARD_NUMBER,SEQUENCE_NUMBER,ORGANIZATION_ID",N,
Award,AWARD_ATTACHMENT,SAMPLE,1861982,15,AWARD_ATTACHMENT_ID,"AWARD_ID,AWARD_NUMBER,SEQUENCE_NUMBER",N,"binary payload: send metadata columns, not file content"
Award,AWARD_ATTACHMENT_TYPE,FULL,10,6,TYPE_CODE,,N,
Award,AWARD_BASIS_OF_PAYMENT,FULL,3,6,BASIS_OF_PAYMENT_CODE,,N,
Award,AWARD_BUDGET_DETAILS_EXT,SAMPLE,845780,6,BUDGET_DETAILS_ID,,N,
Award,AWARD_BUDGET_EXT,SAMPLE,80248,14,BUDGET_ID,"AWARD_ID,DOCUMENT_NUMBER,BUDGET_ID",N,
Award,AWARD_BUDGET_LIMIT,SAMPLE,63051,9,BUDGET_LIMIT_ID,"AWARD_ID,BUDGET_ID",N,
Award,AWARD_BUDGET_PERIOD_EXT,SAMPLE,84965,10,BUDGET_PERIOD_NUMBER,,N,
Award,AWARD_BUDGET_STATUS,FULL,10,6,AWARD_BUDGET_STATUS_CODE,,N,
Award,AWARD_BUDGET_TYPE,FULL,2,6,AWARD_BUDGET_TYPE_CODE,,N,
Award,AWARD_CFDA,SAMPLE,187993,10,AWARD_CFDA_ID,"AWARD_ID,AWARD_NUMBER,SEQUENCE_NUMBER",N,
Award,AWARD_CGB,SAMPLE,154701,22,AWARD_ID,"AWARD_ID,AWARD_NUMBER,SEQUENCE_NUMBER",N,
Award,AWARD_CLOSEOUT,SAMPLE,1265423,13,AWARD_CLOSEOUT_ID,"AWARD_ID,AWARD_NUMBER,SEQUENCE_NUMBER",N,
Award,AWARD_COMMENT,SAMPLE,2595983,11,AWARD_COMMENT_ID,"AWARD_ID,AWARD_NUMBER,SEQUENCE_NUMBER",N,
Award,AWARD_COST_SHARE,FULL,7618,17,AWARD_COST_SHARE_ID,"AWARD_ID,AWARD_NUMBER,SEQUENCE_NUMBER,UNIT_NUMBER",N,
Award,AWARD_DOCUMENT,SAMPLE,288509,5,DOCUMENT_NUMBER,DOCUMENT_NUMBER,N,
Award,AWARD_EXEMPT_NUMBER,FULL,2684,7,AWARD_EXEMPT_NUMBER_ID,,N,
Award,AWARD_FUNDING_PROPOSALS,FULL,13657,8,AWARD_FUNDING_PROPOSAL_ID,"AWARD_ID,PROPOSAL_ID",N,
Award,AWARD_HIERARCHY,SAMPLE,43239,10,AWARD_HIERARCHY_ID,AWARD_NUMBER,N,
Award,AWARD_IDC_RATE,FULL,10,17,AWARD_IDC_RATE_ID,"AWARD_ID,AWARD_NUMBER,SEQUENCE_NUMBER",N,
Award,AWARD_METHOD_OF_PAYMENT,FULL,38,6,METHOD_OF_PAYMENT_CODE,,N,
Award,AWARD_NOTEPAD,FULL,34,13,AWARD_NOTEPAD_ID,"AWARD_ID,AWARD_NUMBER",N,
Award,AWARD_NOTICE,EMPTY,0,5,AWARD_NOTICE_ID,"AWARD_ID,AWARD_NUMBER,UNIT_NUMBER",N,"no rows in production; columns documented, no data file"
Award,AWARD_NOTIFICATION,FULL,2,12,NOTIFICATION_ID,DOCUMENT_NUMBER,N,
Award,AWARD_PAYMENT_SCHEDULE,FULL,3,22,AWARD_PAYMENT_SCHEDULE_ID,"AWARD_ID,AWARD_NUMBER,SEQUENCE_NUMBER",N,
Award,AWARD_PERSONS,SAMPLE,345596,20,AWARD_PERSON_ID,"AWARD_ID,AWARD_NUMBER,SEQUENCE_NUMBER,PERSON_ID,ROLODEX_ID",Y,PII: send column structure + masked sample only
Award,AWARD_PERSON_CREDIT_SPLITS,SAMPLE,216156,8,AWARD_PERSON_CREDIT_SPLIT_ID,,N,
Award,AWARD_PERSON_UNITS,SAMPLE,353105,8,AWARD_PERSON_UNIT_ID,UNIT_NUMBER,N,
Award,AWARD_PERS_UNIT_CRED_SPLITS,SAMPLE,198926,8,APU_CREDIT_SPLIT_ID,,N,
Award,AWARD_POSTS,EMPTY,0,11,,"AWARD_ID,DOCUMENT_NUMBER",N,"no rows in production; columns documented, no data file"
Award,AWARD_REPORT_NOTIFICATION_SENT,EMPTY,0,11,AWARD_REPORT_NOTIF_SENT_ID,AWARD_NUMBER,N,"no rows in production; columns documented, no data file"
Award,AWARD_REPORT_TERMS,SAMPLE,839095,14,AWARD_REPORT_TERMS_ID,"AWARD_ID,AWARD_NUMBER,SEQUENCE_NUMBER",N,
Award,AWARD_REPORT_TRACKING,SAMPLE,1273909,29,AWARD_REPORT_TRACKING_ID,"AWARD_ID,AWARD_NUMBER,SPONSOR_CODE",N,
Award,AWARD_REP_TERMS_RECNT,EMPTY,0,10,AWARD_REP_TERMS_RECNT_ID,ROLODEX_ID,N,"no rows in production; columns documented, no data file"
Award,AWARD_SCIENCE_KEYWORD,EMPTY,0,7,AWARD_SCIENCE_KEYWORD_ID,AWARD_ID,N,"no rows in production; columns documented, no data file"
Award,AWARD_SPECIAL_REVIEW,SAMPLE,134513,14,AWARD_SPECIAL_REVIEW_ID,AWARD_ID,N,
Award,AWARD_SPONSOR_CONTACTS,FULL,16,11,AWARD_SPONSOR_CONTACT_ID,"AWARD_ID,AWARD_NUMBER,SEQUENCE_NUMBER,ROLODEX_ID",Y,PII: send column structure + masked sample only
Award,AWARD_SPONSOR_TERM,SAMPLE,4063797,9,AWARD_SPONSOR_TERM_ID,"AWARD_ID,AWARD_NUMBER,SEQUENCE_NUMBER",N,
Award,AWARD_STATUS,FULL,10,6,STATUS_CODE,,N,
Award,AWARD_SUBCONTRACT_GOALS_EXP,EMPTY,0,22,AWARD_NUMBER,AWARD_NUMBER,N,"no rows in production; columns documented, no data file"
Award,AWARD_SYNC_CHANGE,EMPTY,0,15,AWARD_SYNC_CHANGE_ID,AWARD_ID,N,"no rows in production; columns documented, no data file"
Award,AWARD_SYNC_LOG,EMPTY,0,10,AWARD_SYNC_LOG_ID,,N,"no rows in production; columns documented, no data file"
Award,AWARD_SYNC_STATUS,EMPTY,0,11,AWARD_SYNC_STATUS_ID,"AWARD_ID,AWARD_NUMBER",N,"no rows in production; columns documented, no data file"
Award,AWARD_TEMPLATE,FULL,29,10,AWARD_TEMPLATE_CODE,,N,
Award,AWARD_TEMPLATE_COMMENTS,FULL,31,9,AWARD_TEMPLATE_COMMENTS_ID,,N,
Award,AWARD_TEMPLATE_CONTACT,EMPTY,0,8,AWARD_TEMPLATE_CONTACT_ID,ROLODEX_ID,N,"no rows in production; columns documented, no data file"
Award,AWARD_TEMPLATE_REPORT_TERMS,FULL,135,12,TEMPLATE_REPORT_TERMS_ID,,N,
Award,AWARD_TEMPLATE_TERMS,FULL,528,7,AWARD_TEMPLATE_TERMS_ID,,N,
Award,AWARD_TEMPL_REP_TERMS_RECNT,EMPTY,0,9,TEMPL_REP_TERMS_RECNT_ID,ROLODEX_ID,N,"no rows in production; columns documented, no data file"
Award,AWARD_TRANSACTION_TYPE,FULL,20,7,AWARD_TRANSACTION_TYPE_CODE,,N,
Award,AWARD_TRANSFERRING_SPONSOR,EMPTY,0,9,AWARD_TRANSFERRING_SPONSOR_ID,"AWARD_ID,AWARD_NUMBER,SEQUENCE_NUMBER,SPONSOR_CODE",N,"no rows in production; columns documented, no data file"
Award,AWARD_TRANSMISSION,SAMPLE,121142,18,TRANSMISSION_ID,"AWARD_ID,SPONSOR_CODE",N,
Award,AWARD_TRANSMISSION_CHILD,SAMPLE,118716,15,TRANSMISSION_CHILD_ID,"AWARD_ID,AWARD_NUMBER",N,
Award,AWARD_TYPE,FULL,19,6,AWARD_TYPE_CODE,,N,
Award,AWARD_UNIT_CONTACTS,SAMPLE,386214,14,AWARD_UNIT_CONTACT_ID,"AWARD_ID,AWARD_NUMBER,SEQUENCE_NUMBER,PERSON_ID",Y,PII: send column structure + masked sample only
Award,AWD_BGT_DET_CAL_AMTS_EXT,SAMPLE,620219,6,BUDGET_DETAILS_CAL_AMTS_ID,,N,
Award,AWD_BGT_PER_SUM_CALC_AMT,FULL,3,11,AWD_BGT_PER_SUM_CALC_AMT_ID,,N,
Award,AWD_BUDGET_PER_CAL_AMTS_EXT,EMPTY,0,6,BUDGET_PERSONNEL_CAL_AMTS_ID,,N,"no rows in production; columns documented, no data file"
Award,AWD_BUDGET_PER_DET_EXT,EMPTY,0,6,BUDGET_PERSONNEL_DETAILS_ID,,N,"no rows in production; columns documented, no data file"
Award,PENDING_TRANSACTIONS,SAMPLE,92885,17,TRANSACTION_ID,DOCUMENT_NUMBER,N,
Award,TIME_AND_MONEY_DOCUMENT,SAMPLE,81617,8,DOCUMENT_NUMBER,"AWARD_NUMBER,DOCUMENT_NUMBER",N,
Award,TIME_AND_MONEY_POSTS,EMPTY,0,9,,"AWARD_ID,DOCUMENT_NUMBER",N,"no rows in production; columns documented, no data file"
Award,TRANSACTION_DETAILS,SAMPLE,313515,19,TRANSACTION_DETAIL_ID,"AWARD_NUMBER,SEQUENCE_NUMBER",N,
BU custom fields,AWARD_CUSTOM_DATA,SAMPLE,6930491,10,AWARD_CUSTOM_DATA_ID,"AWARD_ID,AWARD_NUMBER,SEQUENCE_NUMBER,CUSTOM_ATTRIBUTE_ID",N,EAV: join to CUSTOM_ATTRIBUTE; see custom_fields/ extracts
BU custom fields,AWARD_EXTENSION,SAMPLE,282464,31,AWARD_ID,AWARD_ID,N,BU extension table
BU custom fields,BU_PRIMARY_ACAD_APPT,FULL,7747,5,ENTITY_ID,,N,
BU custom fields,BU_VERSION_LOG,FULL,10,3,,,N,
BU custom fields,CUSTOM_ATTRIBUTE,FULL,107,13,ID,,N,
BU custom fields,CUSTOM_ATTRIBUTE_DATA_TYPE,FULL,5,6,DATA_TYPE_CODE,,N,
BU custom fields,CUSTOM_ATTRIBUTE_DOCUMENT,FULL,146,10,"DOCUMENT_TYPE_CODE,CUSTOM_ATTRIBUTE_ID",CUSTOM_ATTRIBUTE_ID,N,
BU custom fields,CUSTOM_ATTRIBUTE_DOC_VALUE,SAMPLE,1197810,7,"DOCUMENT_NUMBER,CUSTOM_ATTRIBUTE_ID","DOCUMENT_NUMBER,CUSTOM_ATTRIBUTE_ID",N,
BU custom fields,NEGOTIATION_CUSTOM_DATA,SAMPLE,94736,9,NEGOTIATION_CUSTOM_DATA_ID,"NEGOTIATION_ID,NEGOTIATION_NUMBER,CUSTOM_ATTRIBUTE_ID",N,EAV: join to CUSTOM_ATTRIBUTE; see custom_fields/ extracts
BU custom fields,PENDING_TRANSACTIONS_EXTENSION,SAMPLE,92912,2,,,N,BU extension table
BU custom fields,PERSON_CUSTOM_DATA,EMPTY,0,8,PERSON_CUSTOM_DATA_ID,"PERSON_ID,CUSTOM_ATTRIBUTE_ID",Y,"PII: send column structure + masked sample only; EAV: join to CUSTOM_ATTRIBUTE; see custom_fields/ extracts; no rows in production; columns documented, no data file"
BU custom fields,PROPOSAL_CUSTOM_DATA,SAMPLE,3857822,10,PROPOSAL_CUSTOM_DATA_ID,"PROPOSAL_ID,PROPOSAL_NUMBER,SEQUENCE_NUMBER,CUSTOM_ATTRIBUTE_ID",N,EAV: join to CUSTOM_ATTRIBUTE; see custom_fields/ extracts
BU custom fields,PROPOSAL_EXTENSION,SAMPLE,122360,7,PROPOSAL_ID,PROPOSAL_ID,N,BU extension table
BU custom fields,PROPOSAL_LOG_EXTENSION,SAMPLE,33149,2,PROPOSAL_NUMBER,PROPOSAL_NUMBER,N,BU extension table
BU custom fields,SUBAWARD_CUSTOM_DATA,SAMPLE,1037255,10,SUBAWARD_CUSTOM_DATA_ID,"SUBAWARD_ID,SUBAWARD_CODE,SEQUENCE_NUMBER,CUSTOM_ATTRIBUTE_ID",N,EAV: join to CUSTOM_ATTRIBUTE; see custom_fields/ extracts
BU custom fields,SUBAWARD_EXTENSION,SAMPLE,93060,2,SUBAWARD_ID,SUBAWARD_ID,N,BU extension table
Institutional Proposal,INSTITUTE_PROPOSAL_DOCUMENT,SAMPLE,130121,5,DOCUMENT_NUMBER,DOCUMENT_NUMBER,N,
Institutional Proposal,IP_REVIEW,SAMPLE,36869,13,IP_REVIEW_ID,"PROPOSAL_NUMBER,SEQUENCE_NUMBER",N,
Institutional Proposal,IP_REVIEW_ACTIVITY_TYPE,FULL,7,6,IP_REVIEW_ACTIVITY_TYPE_CODE,,N,
Institutional Proposal,IP_REVIEW_REQ_TYPE,FULL,4,6,IP_REVIEW_REQ_TYPE_CODE,,N,
Institutional Proposal,IP_REVIEW_RESULT_TYPE,FULL,4,6,IP_REVIEW_RESULT_TYPE_CODE,,N,
Institutional Proposal,PROPOSAL,SAMPLE,130121,53,PROPOSAL_ID,"PROPOSAL_ID,PROPOSAL_NUMBER,SEQUENCE_NUMBER,DOCUMENT_NUMBER,SPONSOR_CODE,ROLODEX_ID",N,
Institutional Proposal,PROPOSAL_ADMIN_DETAILS,EMPTY,0,15,PROPOSAL_ADMIN_DETAIL_ID,,N,"no rows in production; columns documented, no data file"
Institutional Proposal,PROPOSAL_ATTACHMENTS,SAMPLE,466200,18,PROPOSAL_ATTACHMENTS_ID,"PROPOSAL_ID,PROPOSAL_NUMBER,SEQUENCE_NUMBER",N,"binary payload: send metadata columns, not file content"
Institutional Proposal,PROPOSAL_ATTACHMENT_TYPE,FULL,7,7,ATTACHMENT_TYPE_CODE,,N,
Institutional Proposal,PROPOSAL_CFDA,FULL,22,10,PROPOSAL_CFDA_ID,"PROPOSAL_ID,PROPOSAL_NUMBER,SEQUENCE_NUMBER",N,
Institutional Proposal,PROPOSAL_COMMENTS,SAMPLE,88955,10,PROPOSAL_COMMENTS_ID,"PROPOSAL_ID,PROPOSAL_NUMBER,SEQUENCE_NUMBER",N,
Institutional Proposal,PROPOSAL_COST_SHARING,FULL,2524,14,PROPOSAL_COST_SHARING_ID,"PROPOSAL_ID,PROPOSAL_NUMBER,SEQUENCE_NUMBER,UNIT_NUMBER",N,
Institutional Proposal,PROPOSAL_EXEMPT_NUMBER,FULL,49,7,PROPOSAL_EXEMPT_NUMBER_ID,,N,
Institutional Proposal,PROPOSAL_FNA_RATE,EMPTY,0,17,PROPOSAL_FNA_RATE_ID,"PROPOSAL_ID,PROPOSAL_NUMBER,SEQUENCE_NUMBER",N,"no rows in production; columns documented, no data file"
Institutional Proposal,PROPOSAL_INV_CERTIFICATION,EMPTY,0,9,"PROPOSAL_NUMBER,PROP_PERSON_NUMBER",PROPOSAL_NUMBER,N,"no rows in production; columns documented, no data file"
Institutional Proposal,PROPOSAL_IP_REVIEW_JOIN,SAMPLE,130121,7,PROPOSAL_IP_REVIEW_JOIN_ID,PROPOSAL_ID,N,
Institutional Proposal,PROPOSAL_IP_REV_ACTIVITY,EMPTY,0,12,PROPOSAL_IP_REV_ACTIVITY_ID,"PROPOSAL_NUMBER,SEQUENCE_NUMBER",N,"no rows in production; columns documented, no data file"
Institutional Proposal,PROPOSAL_LOG,SAMPLE,37996,24,PROPOSAL_NUMBER,"PROPOSAL_NUMBER,SPONSOR_CODE,ROLODEX_ID",N,
Institutional Proposal,PROPOSAL_LOG_STATUS,FULL,5,6,PROPOSAL_LOG_STATUS_CODE,,N,
Institutional Proposal,PROPOSAL_LOG_TYPE,FULL,2,6,PROPOSAL_LOG_TYPE_CODE,,N,
Institutional Proposal,PROPOSAL_NOTEPAD,FULL,6954,14,PROPOSAL_NOTEPAD_ID,"PROPOSAL_ID,PROPOSAL_NUMBER",N,
Institutional Proposal,PROPOSAL_NOTIFICATION,EMPTY,0,12,NOTIFICATION_ID,DOCUMENT_NUMBER,N,"no rows in production; columns documented, no data file"
Institutional Proposal,PROPOSAL_PERSONS,SAMPLE,147794,19,PROPOSAL_PERSON_ID,"PROPOSAL_ID,PROPOSAL_NUMBER,SEQUENCE_NUMBER,PERSON_ID,ROLODEX_ID",Y,PII: send column structure + masked sample only
Institutional Proposal,PROPOSAL_PERSON_UNITS,SAMPLE,144276,8,PROPOSAL_PERSON_UNIT_ID,UNIT_NUMBER,N,
Institutional Proposal,PROPOSAL_PERS_UNIT_CRED_SPLITS,SAMPLE,125263,8,PPU_CREDIT_SPLIT_ID,,N,
Institutional Proposal,PROPOSAL_PER_CREDIT_SPLIT,SAMPLE,129043,8,PROPOSAL_PER_CREDIT_SPLIT_ID,,N,
Institutional Proposal,PROPOSAL_SCIENCE_KEYWORD,EMPTY,0,9,PROPOSAL_SCIENCE_KEYWORD_ID,"PROPOSAL_ID,PROPOSAL_NUMBER,SEQUENCE_NUMBER",N,"no rows in production; columns documented, no data file"
Institutional Proposal,PROPOSAL_SPECIAL_REVIEW,SAMPLE,43228,14,PROPOSAL_SPECIAL_REVIEW_ID,PROPOSAL_ID,N,
Institutional Proposal,PROPOSAL_STATE,FULL,13,6,STATE_TYPE_CODE,,N,
Institutional Proposal,PROPOSAL_STATUS,FULL,6,6,PROPOSAL_STATUS_CODE,,N,
Institutional Proposal,PROPOSAL_TYPE,FULL,9,6,PROPOSAL_TYPE_CODE,,N,
Institutional Proposal,PROPOSAL_UNITS,EMPTY,0,10,PROPOSAL_UNITS_ID,"PROPOSAL_NUMBER,SEQUENCE_NUMBER,UNIT_NUMBER,PERSON_ID",N,"no rows in production; columns documented, no data file"
Institutional Proposal,PROPOSAL_UNIT_CONTACTS,SAMPLE,128705,12,PROPOSAL_UNIT_CONTACT_ID,"PROPOSAL_ID,PROPOSAL_NUMBER,SEQUENCE_NUMBER,PERSON_ID",Y,PII: send column structure + masked sample only
Institutional Proposal,PROPOSAL_UNIT_CREDIT_SPLIT,EMPTY,0,12,PROPOSAL_UNIT_CREDIT_SPLIT_ID,"PROPOSAL_ID,PROPOSAL_NUMBER,SEQUENCE_NUMBER,UNIT_NUMBER,PERSON_ID",N,"no rows in production; columns documented, no data file"
Institutional Proposal,PROPOSAL_UNRECOVERED_FNA_RATE,EMPTY,0,14,PROPOSAL_IDC_RATE_ID,"PROPOSAL_ID,PROPOSAL_NUMBER,SEQUENCE_NUMBER",N,"no rows in production; columns documented, no data file"
Negotiation,NEGOTIATION,FULL,11842,16,NEGOTIATION_ID,"NEGOTIATION_ID,DOCUMENT_NUMBER",N,
Negotiation,NEGOTIATION_ACTIVITY,SAMPLE,30475,16,NEGOTIATION_ACTIVITY_ID,NEGOTIATION_ID,N,
Negotiation,NEGOTIATION_ACTIVITY_TYPE,FULL,20,8,NEGOTIATION_ACTIVITY_TYPE_ID,,N,
Negotiation,NEGOTIATION_AGREEMENT_TYPE,FULL,9,8,NEGOTIATION_AGRMNT_TYPE_ID,,N,
Negotiation,NEGOTIATION_ASSOCIATION_TYPE,FULL,5,8,NEGOTIATION_ASSC_TYPE_ID,,N,
Negotiation,NEGOTIATION_ATTACHMENT,SAMPLE,32643,9,ATTACHMENT_ID,,N,"binary payload: send metadata columns, not file content"
Negotiation,NEGOTIATION_DOCUMENT,FULL,11842,5,DOCUMENT_NUMBER,DOCUMENT_NUMBER,N,
Negotiation,NEGOTIATION_LOCATION,FULL,12,8,NEGOTIATION_LOCATION_ID,,N,
Negotiation,NEGOTIATION_NOTIFICATION,EMPTY,0,11,NOTIFICATION_ID,DOCUMENT_NUMBER,N,"no rows in production; columns documented, no data file"
Negotiation,NEGOTIATION_STATUS,FULL,8,8,NEGOTIATION_STATUS_ID,,N,
Negotiation,NEGOTIATION_UNASSOC_DETAIL,FULL,9270,16,NEGOTIATION_UNASSOC_DETAIL_ID,"NEGOTIATION_ID,SPONSOR_CODE",N,
Organization,ORGANIZATION,FULL,7557,41,ORGANIZATION_ID,ORGANIZATION_ID,N,
Organization,ORGANIZATION_AUDIT,EMPTY,0,8,"ORGANIZATION_ID,FISCAL_YEAR",ORGANIZATION_ID,N,"no rows in production; columns documented, no data file"
Organization,ORGANIZATION_AUDIT_ACC_TYPE,FULL,4,7,CODE,,N,
Organization,ORGANIZATION_CORRESPONDENT,EMPTY,0,10,ORGANIZATION_CORRESPONDENT_ID,"ORGANIZATION_ID,PERSON_ID",N,"no rows in production; columns documented, no data file"
Organization,ORGANIZATION_IDC,EMPTY,0,15,"ORGANIZATION_ID,IDC_NUMBER",ORGANIZATION_ID,N,"no rows in production; columns documented, no data file"
Organization,ORGANIZATION_TYPE,FULL,2,6,"ORGANIZATION_ID,ORGANIZATION_TYPE_CODE",ORGANIZATION_ID,N,
Organization,ORGANIZATION_TYPE_LIST,FULL,1,6,ORGANIZATION_TYPE_CODE,,N,
Organization,ORGANIZATION_YNQ,SAMPLE,32568,9,"ORGANIZATION_ID,QUESTION_ID",ORGANIZATION_ID,N,
Proposal / pre-award,BUDGET,SAMPLE,80248,32,BUDGET_ID,"DOCUMENT_NUMBER,BUDGET_ID",N,
Proposal / pre-award,BUDGET_CATEGORY,FULL,50,7,BUDGET_CATEGORY_CODE,,N,
Proposal / pre-award,BUDGET_CATEGORY_MAPPING,FULL,137,7,"MAPPING_NAME,TARGET_CATEGORY_CODE,COEUS_CATEGORY_CODE",,N,
Proposal / pre-award,BUDGET_CATEGORY_MAPS,FULL,77,8,"MAPPING_NAME,TARGET_CATEGORY_CODE",,N,
Proposal / pre-award,BUDGET_CATEGORY_TYPE,FULL,7,7,BUDGET_CATEGORY_TYPE_CODE,,N,
Proposal / pre-award,BUDGET_CHANGED_DATA,EMPTY,0,11,"PROPOSAL_NUMBER,COLUMN_NAME,CHANGE_NUMBER",PROPOSAL_NUMBER,N,"no rows in production; columns documented, no data file"
Proposal / pre-award,BUDGET_COLUMNS_TO_ALTER,EMPTY,0,11,COLUMN_NAME,,N,"no rows in production; columns documented, no data file"
Proposal / pre-award,BUDGET_DETAILS,SAMPLE,845780,29,BUDGET_DETAILS_ID,BUDGET_ID,N,
Proposal / pre-award,BUDGET_DETAILS_CAL_AMTS,SAMPLE,620219,16,BUDGET_DETAILS_CAL_AMTS_ID,BUDGET_ID,N,
Proposal / pre-award,BUDGET_DOCUMENT,SAMPLE,80256,8,DOCUMENT_NUMBER,DOCUMENT_NUMBER,N,
Proposal / pre-award,BUDGET_MODULAR,EMPTY,0,10,BUDGET_PERIOD_NUMBER,BUDGET_ID,N,"no rows in production; columns documented, no data file"
Proposal / pre-award,BUDGET_MODULAR_IDC,EMPTY,0,16,"BUDGET_PERIOD_NUMBER,RATE_NUMBER",BUDGET_ID,N,"no rows in production; columns documented, no data file"
Proposal / pre-award,BUDGET_PERIODS,SAMPLE,84965,19,BUDGET_PERIOD_NUMBER,BUDGET_ID,N,
Proposal / pre-award,BUDGET_PERIOD_TYPE,FULL,3,6,BUDGET_PERIOD_TYPE_CODE,,N,
Proposal / pre-award,BUDGET_PERSONNEL_CAL_AMTS,EMPTY,0,17,BUDGET_PERSONNEL_CAL_AMTS_ID,BUDGET_ID,N,"no rows in production; columns documented, no data file"
Proposal / pre-award,BUDGET_PERSONNEL_DETAILS,EMPTY,0,29,BUDGET_PERSONNEL_DETAILS_ID,"SEQUENCE_NUMBER,PERSON_ID,BUDGET_ID",N,"no rows in production; columns documented, no data file"
Proposal / pre-award,BUDGET_PERSONS,FULL,5230,18,"PERSON_SEQUENCE_NUMBER,BUDGET_ID","PERSON_ID,ROLODEX_ID,BUDGET_ID",Y,PII: send column structure + masked sample only
Proposal / pre-award,BUDGET_PERSON_SALARY_DETAILS,FULL,1583,10,BUDGET_PERSON_SALARY_DETAIL_ID,"PERSON_ID,BUDGET_ID",Y,PII: send column structure + masked sample only
Proposal / pre-award,BUDGET_PER_DET_RATE_AND_BASE,EMPTY,0,25,BGT_PER_DET_RATE_AND_BASE_ID,"PERSON_ID,BUDGET_ID",N,"no rows in production; columns documented, no data file"
Proposal / pre-award,BUDGET_PROJECT_INCOME,EMPTY,0,14,"BUDGET_ID,PROJECT_INCOME_ID","PROPOSAL_NUMBER,BUDGET_ID",N,"no rows in production; columns documented, no data file"
Proposal / pre-award,BUDGET_RATE_AND_BASE,SAMPLE,777643,22,BUDGET_RATE_AND_BASE_ID,BUDGET_ID,N,
Proposal / pre-award,BUDGET_STATUS,FULL,2,6,BUDGET_STATUS_CODE,,N,
Proposal / pre-award,BUDGET_SUB_AWARDS,EMPTY,0,21,"SUB_AWARD_NUMBER,BUDGET_ID","ORGANIZATION_ID,BUDGET_ID",N,"no rows in production; columns documented, no data file"
Proposal / pre-award,BUDGET_SUB_AWARD_ATT,EMPTY,0,10,SUB_AWARD_ATTACHMENT_ID,BUDGET_ID,N,"no rows in production; columns documented, no data file"
Proposal / pre-award,BUDGET_SUB_AWARD_FILES,EMPTY,0,9,"BUDGET_ID,SUB_AWARD_NUMBER",BUDGET_ID,N,"no rows in production; columns documented, no data file"
Proposal / pre-award,BUDGET_SUB_AWARD_PERIOD_DETAIL,EMPTY,0,12,SUBAWARD_PERIOD_DETAIL_ID,BUDGET_ID,N,"no rows in production; columns documented, no data file"
Proposal / pre-award,BUD_FORMULATED_COST_DETAIL,EMPTY,0,12,BUD_FORMULATED_COST_DETAIL_ID,,N,"no rows in production; columns documented, no data file"
Proposal / pre-award,EPS_PROPOSAL,FULL,1,67,PROPOSAL_NUMBER,"PROPOSAL_NUMBER,DOCUMENT_NUMBER,SPONSOR_CODE,ORGANIZATION_ID",N,
Proposal / pre-award,EPS_PROPOSAL_BUDGET_EXT,EMPTY,0,6,BUDGET_ID,"PROPOSAL_NUMBER,BUDGET_ID",N,"no rows in production; columns documented, no data file"
Proposal / pre-award,EPS_PROPOSAL_DOCUMENT,FULL,1,6,DOCUMENT_NUMBER,DOCUMENT_NUMBER,N,
Proposal / pre-award,EPS_PROPOSAL_STATUS,FULL,7,4,STATUS_CODE,,N,
Proposal / pre-award,EPS_PROP_ABSTRACT,EMPTY,0,9,"PROPOSAL_NUMBER,ABSTRACT_TYPE_CODE",PROPOSAL_NUMBER,N,"no rows in production; columns documented, no data file"
Proposal / pre-award,EPS_PROP_CFDA,EMPTY,0,8,EPS_PROP_CFDA_ID,PROPOSAL_NUMBER,N,"no rows in production; columns documented, no data file"
Proposal / pre-award,EPS_PROP_CHANGED_DATA,EMPTY,0,11,"PROPOSAL_NUMBER,COLUMN_NAME,CHANGE_NUMBER",PROPOSAL_NUMBER,N,"no rows in production; columns documented, no data file"
Proposal / pre-award,EPS_PROP_COLUMNS_TO_ALTER,FULL,9,11,COLUMN_NAME,,N,
Proposal / pre-award,EPS_PROP_CONG_DISTRICT,EMPTY,0,8,CONG_DISTRICT_ID,PROPOSAL_NUMBER,N,"no rows in production; columns documented, no data file"
Proposal / pre-award,EPS_PROP_COST_SHARING,EMPTY,0,16,"BUDGET_ID,COST_SHARE_ID","PROPOSAL_NUMBER,UNIT_NUMBER,BUDGET_ID",N,"no rows in production; columns documented, no data file"
Proposal / pre-award,EPS_PROP_EXEMPT_NUMBER,EMPTY,0,7,PROPOSAL_EXEMPT_NUMBER_ID,,N,"no rows in production; columns documented, no data file"
Proposal / pre-award,EPS_PROP_IDC_RATE,FULL,56,15,"BUDGET_ID,UNRECOVERED_FNA_ID","PROPOSAL_NUMBER,BUDGET_ID",N,
Proposal / pre-award,EPS_PROP_LA_RATES,EMPTY,0,12,"BUDGET_ID,RATE_TYPE_CODE,FISCAL_YEAR,ON_OFF_CAMPUS_FLAG,START_DATE,RATE_CLASS_CODE",BUDGET_ID,N,"no rows in production; columns documented, no data file"
Proposal / pre-award,EPS_PROP_LOCATION,EMPTY,0,8,"PROPOSAL_NUMBER,LOCATION_SEQUENCE_NUMBER","PROPOSAL_NUMBER,ROLODEX_ID",N,"no rows in production; columns documented, no data file"
Proposal / pre-award,EPS_PROP_PERSON,EMPTY,0,89,"PROPOSAL_NUMBER,PROP_PERSON_NUMBER","PROPOSAL_NUMBER,PERSON_ID,ROLODEX_ID",N,"no rows in production; columns documented, no data file"
Proposal / pre-award,EPS_PROP_PERSON_BIO,EMPTY,0,13,"PROPOSAL_NUMBER,PROP_PERSON_NUMBER,BIO_NUMBER","PROPOSAL_NUMBER,PERSON_ID,ROLODEX_ID",N,"no rows in production; columns documented, no data file"
Proposal / pre-award,EPS_PROP_PERSON_BIO_ATTACHMENT,EMPTY,0,12,"PROPOSAL_NUMBER,PROP_PERSON_NUMBER,BIO_NUMBER",PROPOSAL_NUMBER,N,"no rows in production; columns documented, no data file"
Proposal / pre-award,EPS_PROP_PERSON_CERT_DETAILS,EMPTY,0,8,"PROPOSAL_NUMBER,PROP_PERSON_NUMBER",PROPOSAL_NUMBER,N,"no rows in production; columns documented, no data file"
Proposal / pre-award,EPS_PROP_PERSON_DEGREE,EMPTY,0,15,"PROPOSAL_NUMBER,PROP_PERSON_NUMBER,DEGREE_SEQUENCE_NUMBER",PROPOSAL_NUMBER,N,"no rows in production; columns documented, no data file"
Proposal / pre-award,EPS_PROP_PERSON_ROLE,FULL,8,13,PROP_PERSON_ROLE_ID,,N,
Proposal / pre-award,EPS_PROP_PERSON_UNITS,EMPTY,0,8,"PROPOSAL_NUMBER,PROP_PERSON_NUMBER,UNIT_NUMBER","PROPOSAL_NUMBER,UNIT_NUMBER",N,"no rows in production; columns documented, no data file"
Proposal / pre-award,EPS_PROP_PERS_YNQ,EMPTY,0,8,"PROPOSAL_NUMBER,PROP_PERSON_NUMBER,QUESTION_ID",PROPOSAL_NUMBER,N,"no rows in production; columns documented, no data file"
Proposal / pre-award,EPS_PROP_PER_CREDIT_SPLIT,EMPTY,0,8,"PROPOSAL_NUMBER,INV_CREDIT_TYPE_CODE,PROP_PERSON_NUMBER",PROPOSAL_NUMBER,N,"no rows in production; columns documented, no data file"
Proposal / pre-award,EPS_PROP_PER_DOC_TYPE,FULL,6,6,DOCUMENT_TYPE_CODE,,N,
Proposal / pre-award,EPS_PROP_RATES,SAMPLE,1895754,13,"BUDGET_ID,RATE_CLASS_CODE,RATE_TYPE_CODE,FISCAL_YEAR,ON_OFF_CAMPUS_FLAG,START_DATE",BUDGET_ID,N,
Proposal / pre-award,EPS_PROP_SCIENCE_KEYWORD,EMPTY,0,8,"PROPOSAL_NUMBER,SCIENCE_KEYWORD_CODE",PROPOSAL_NUMBER,N,"no rows in production; columns documented, no data file"
Proposal / pre-award,EPS_PROP_SITES,FULL,2,18,"PROPOSAL_NUMBER,SITE_NUMBER","PROPOSAL_NUMBER,ORGANIZATION_ID,ROLODEX_ID",N,
Proposal / pre-award,EPS_PROP_SPECIAL_REVIEW,EMPTY,0,18,PROPOSAL_SPECIAL_REVIEW_ID,PROPOSAL_NUMBER,N,"no rows in production; columns documented, no data file"
Proposal / pre-award,EPS_PROP_SPL_REVIEW_ATTACHMENT,EMPTY,0,13,PROPOSAL_SPECIAL_REVIEW_ATT_ID,,N,"no rows in production; columns documented, no data file"
Proposal / pre-award,EPS_PROP_UNIT_CREDIT_SPLIT,EMPTY,0,9,"PROPOSAL_NUMBER,INV_CREDIT_TYPE_CODE,PROP_PERSON_NUMBER,UNIT_NUMBER","PROPOSAL_NUMBER,UNIT_NUMBER",N,"no rows in production; columns documented, no data file"
Proposal / pre-award,EPS_PROP_USER_ROLES,EMPTY,0,7,"PROPOSAL_NUMBER,USER_ID,ROLE_ID",PROPOSAL_NUMBER,N,"no rows in production; columns documented, no data file"
Proposal / pre-award,EPS_PROP_YNQ,EMPTY,0,10,"PROPOSAL_NUMBER,QUESTION_ID",PROPOSAL_NUMBER,N,"no rows in production; columns documented, no data file"
Proposal / pre-award,NARRATIVE,EMPTY,0,18,"PROPOSAL_NUMBER,MODULE_NUMBER",PROPOSAL_NUMBER,N,"no rows in production; columns documented, no data file"
Proposal / pre-award,NARRATIVE_ATTACHMENT,EMPTY,0,11,"PROPOSAL_NUMBER,MODULE_NUMBER",PROPOSAL_NUMBER,N,"no rows in production; columns documented, no data file"
Proposal / pre-award,NARRATIVE_STATUS,FULL,2,6,NARRATIVE_STATUS_CODE,,N,
Proposal / pre-award,NARRATIVE_TYPE,FULL,162,9,NARRATIVE_TYPE_CODE,,N,
Proposal / pre-award,NARRATIVE_USER_RIGHTS,EMPTY,0,8,"PROPOSAL_NUMBER,MODULE_NUMBER,USER_ID",PROPOSAL_NUMBER,N,"no rows in production; columns documented, no data file"
Proposal / pre-award,S2S_APPLICATION,EMPTY,0,6,PROPOSAL_NUMBER,PROPOSAL_NUMBER,N,"no rows in production; columns documented, no data file"
Proposal / pre-award,S2S_APP_ATTACHMENTS,EMPTY,0,11,S2S_APP_ATTACHMENT_ID,PROPOSAL_NUMBER,N,"no rows in production; columns documented, no data file"
Proposal / pre-award,S2S_APP_SUBMISSION,EMPTY,0,15,"SUBMISSION_NUMBER,PROPOSAL_NUMBER",PROPOSAL_NUMBER,N,"no rows in production; columns documented, no data file"
Proposal / pre-award,S2S_APP_SUBMISSION_01152019,EMPTY,0,13,,PROPOSAL_NUMBER,N,"no rows in production; columns documented, no data file"
Proposal / pre-award,S2S_ERROR,FULL,457,8,S2S_ERROR_ID,,N,
Proposal / pre-award,S2S_FORM_CONFIG,FULL,3,8,S2S_FORM_CONFIG_ID,,N,
Proposal / pre-award,S2S_FORM_TO_QUESTIONNAIRE,FULL,16,8,S2S_FORM_TO_QUESTIONNAIRE_ID,,N,
Proposal / pre-award,S2S_OPPORTUNITY,EMPTY,0,25,PROPOSAL_NUMBER,PROPOSAL_NUMBER,N,"no rows in production; columns documented, no data file"
Proposal / pre-award,S2S_OPPORTUNITY_CFDA,EMPTY,0,8,S2S_OPPORTUNITY_CFDA_ID,PROPOSAL_NUMBER,N,"no rows in production; columns documented, no data file"
Proposal / pre-award,S2S_OPP_FORMS,EMPTY,0,11,"PROPOSAL_NUMBER,OPP_NAME_SPACE",PROPOSAL_NUMBER,N,"no rows in production; columns documented, no data file"
Proposal / pre-award,S2S_OVERRIDE,EMPTY,0,12,ID,PROPOSAL_NUMBER,N,"no rows in production; columns documented, no data file"
Proposal / pre-award,S2S_OVERRIDE_APPL_DATA,EMPTY,0,7,ID,,N,"no rows in production; columns documented, no data file"
Proposal / pre-award,S2S_OVERRIDE_ATT,EMPTY,0,12,ID,,N,"no rows in production; columns documented, no data file"
Proposal / pre-award,S2S_PROVIDERS,FULL,1,8,CODE,,N,
Proposal / pre-award,S2S_REVISION_TYPE,FULL,9,6,S2S_REVISION_TYPE_CODE,,N,
Proposal / pre-award,S2S_SUBMISSION_TYPE,FULL,3,7,S2S_SUBMISSION_TYPE_CODE,,N,
Proposal / pre-award,S2S_USER_ATTACHED_FORM,EMPTY,0,10,S2S_USER_ATTACHED_FORM_ID,PROPOSAL_NUMBER,N,"no rows in production; columns documented, no data file"
Proposal / pre-award,S2S_USER_ATTACHED_FORM_ATT,EMPTY,0,10,S2S_USER_ATTACHED_FORM_ATT_ID,PROPOSAL_NUMBER,N,"no rows in production; columns documented, no data file"
Proposal / pre-award,S2S_USER_ATTACHED_FORM_FILE,EMPTY,0,8,S2S_USER_ATTACHED_FORM_FILE_ID,,N,"no rows in production; columns documented, no data file"
Proposal / pre-award,S2S_USER_ATTD_FORM_ATT_FILE,EMPTY,0,7,S2S_USER_ATTD_FORM_ATT_FILE_ID,,N,"no rows in production; columns documented, no data file"
Proposal / pre-award,SUBCONTRACTING_BUD,EMPTY,0,14,AWARD_NUMBER,AWARD_NUMBER,N,"no rows in production; columns documented, no data file"
Reference / lookup,ABSTRACT_TYPE,FULL,17,6,ABSTRACT_TYPE_CODE,,N,
Reference / lookup,ACCOUNT,EMPTY,0,8,CODE,,N,"no rows in production; columns documented, no data file"
Reference / lookup,ACCOUNT_TYPE,FULL,2,6,ACCOUNT_TYPE_CODE,,N,
Reference / lookup,ACTIVITY_TYPE,FULL,5,8,ACTIVITY_TYPE_CODE,,N,
Reference / lookup,AFFILIATION_TYPE,FULL,19,7,AFFILIATION_TYPE_CODE,,N,
Reference / lookup,APPOINTMENT_TYPE,FULL,3,7,APPOINTMENT_TYPE_CODE,,N,
Reference / lookup,ARG_VALUE_LOOKUP,FULL,1041,9,ARG_VALUE_LOOKUP_ID,,N,
Reference / lookup,ATTACHMENTS_TYPE,FULL,2,7,ATTACHMENTS_CODE,,N,
Reference / lookup,ATTACHMENT_FILE,SAMPLE,171959,10,FILE_ID,SEQUENCE_NUMBER,N,"binary payload: send metadata columns, not file content"
Reference / lookup,CARRIER_TYPE,FULL,3,6,CARRIER_TYPE_CODE,,N,
Reference / lookup,CFDA,EMPTY,0,6,CFDA_NBR,,N,"no rows in production; columns documented, no data file"
Reference / lookup,CITIZENSHIP_TYPE_T,FULL,7,7,CITIZENSHIP_TYPE_CODE,,N,
Reference / lookup,CLOSEOUT_REPORT_TYPE,FULL,6,6,CLOSEOUT_REPORT_CODE,,N,
Reference / lookup,CLOSEOUT_TYPE,FULL,13,6,CLOSEOUT_TYPE_CODE,,N,
Reference / lookup,COEUS_MODULE,FULL,10,6,MODULE_CODE,,N,
Reference / lookup,COEUS_SUB_MODULE,FULL,27,9,COEUS_SUB_MODULE_ID,,N,
Reference / lookup,COMMENT_TYPE,FULL,23,10,COMMENT_TYPE_CODE,,N,
Reference / lookup,CONTACT_TYPE,FULL,3,6,CONTACT_TYPE_CODE,,N,
Reference / lookup,CONTACT_USAGE,FULL,3,7,CONTACT_USAGE_ID,,N,
Reference / lookup,CORRESPONDENT_TYPE,FULL,2,7,CORRESPONDENT_TYPE_CODE,,N,
Reference / lookup,COST_ELEMENT,FULL,54,11,COST_ELEMENT,UNIT_NUMBER,N,
Reference / lookup,COST_SHARE_TYPE,FULL,3,7,COST_SHARE_TYPE_CODE,,N,
Reference / lookup,DEADLINE_TYPE,FULL,3,6,DEADLINE_TYPE_CODE,,N,
Reference / lookup,DEGREE_TYPE,FULL,50,6,DEGREE_CODE,,N,
Reference / lookup,DISTRIBUTION,FULL,2,7,OSP_DISTRIBUTION_CODE,,N,
Reference / lookup,DOCUMENT_NEXTVALUE,SAMPLE,191600,7,"DOCUMENT_NUMBER,PROPERTY_NAME",DOCUMENT_NUMBER,N,
Reference / lookup,FILE_DATA,SAMPLE,367864,2,ID,,N,"binary payload: send metadata columns, not file content"
Reference / lookup,FIN_IDC_TYPE_CODE,EMPTY,0,5,"RATE_CLASS_CODE,RATE_TYPE_CODE",,N,"no rows in production; columns documented, no data file"
Reference / lookup,FIN_OBJECT_CODE_MAPPING,EMPTY,0,8,MAPPING_ID,UNIT_NUMBER,N,"no rows in production; columns documented, no data file"
Reference / lookup,FORMULATED_TYPE,FULL,4,6,FORMULATED_TYPE_CODE,,N,
Reference / lookup,FREQUENCY,FULL,28,12,FREQUENCY_CODE,,N,
Reference / lookup,FREQUENCY_BASE,FULL,8,8,FREQUENCY_BASE_CODE,,N,
Reference / lookup,FUNDING_SOURCE_TYPE,FULL,7,7,FUNDING_SOURCE_TYPE_CODE,,N,
Reference / lookup,GROUP_TYPES,FULL,7,6,GROUP_TYPE_CODE,,N,
Reference / lookup,IDC_RATE_TYPE,FULL,6,6,IDC_RATE_TYPE_CODE,,N,
Reference / lookup,INSTITUTE_LA_RATES,EMPTY,0,12,"UNIT_NUMBER,RATE_TYPE_CODE,FISCAL_YEAR,START_DATE,ON_OFF_CAMPUS_FLAG,RATE_CLASS_CODE",UNIT_NUMBER,N,"no rows in production; columns documented, no data file"
Reference / lookup,INSTITUTE_RATES,FULL,261,14,INSTITUTE_RATE_ID,UNIT_NUMBER,N,
Reference / lookup,INV_CREDIT_TYPE,FULL,1,8,INV_CREDIT_TYPE_CODE,,N,
Reference / lookup,JOB_CODE,FULL,1,6,JOB_CODE,,N,
Reference / lookup,LOCATION_TYPE,FULL,4,5,LOCATION_TYPE_CODE,,N,
Reference / lookup,MAIL_BY,FULL,2,6,MAIL_BY_CODE,,N,
Reference / lookup,MAIL_TYPE,FULL,4,6,MAIL_TYPE,,N,
Reference / lookup,NIH_VALIDATION_MAPPING,FULL,412,13,ID,,N,
Reference / lookup,NOTICE_OF_OPPORTUNITY,FULL,6,6,NOTICE_OF_OPPORTUNITY_CODE,,N,
Reference / lookup,NSF_CODES,FULL,117,8,NSF_SEQUENCE_NUMBER,,N,
Reference / lookup,PERSON_APPOINTMENT,SAMPLE,20592,14,APPOINTMENT_ID,"UNIT_NUMBER,PERSON_ID",Y,PII: send column structure + masked sample only
Reference / lookup,PERSON_BIOSKETCH,EMPTY,0,10,PERSON_BIOSKETCH_ID,PERSON_ID,Y,"PII: send column structure + masked sample only; no rows in production; columns documented, no data file"
Reference / lookup,PERSON_DEGREE,EMPTY,0,14,DEGREE_ID,PERSON_ID,Y,"PII: send column structure + masked sample only; no rows in production; columns documented, no data file"
Reference / lookup,PERSON_EDITABLE_FIELDS,FULL,84,8,PERSON_EDITABLE_FIELD_ID,,N,
Reference / lookup,PERSON_EXT_T,SAMPLE,138763,37,PERSON_ID,PERSON_ID,Y,PII: send column structure + masked sample only
Reference / lookup,PERSON_MASS_CHANGE,FULL,25,11,PERSON_MASS_CHANGE_ID,DOCUMENT_NUMBER,Y,PII: send column structure + masked sample only
Reference / lookup,PERSON_MASS_CHANGE_DOCUMENT,FULL,25,5,DOCUMENT_NUMBER,DOCUMENT_NUMBER,N,
Reference / lookup,PERSON_SIGNATURE,EMPTY,0,10,PERSON_SIGNATURE_ID,PERSON_ID,Y,"PII: send column structure + masked sample only; no rows in production; columns documented, no data file"
Reference / lookup,PERSON_SIGNATURE_MODULE,EMPTY,0,9,PERSON_SIGN_MODULE_ID,,N,"no rows in production; columns documented, no data file"
Reference / lookup,PROP_ROLE_TEMPLATE,EMPTY,0,7,ID,"UNIT_NUMBER,PERSON_ID",N,"no rows in production; columns documented, no data file"
Reference / lookup,RATE_CLASS,FULL,8,7,RATE_CLASS_CODE,,N,
Reference / lookup,RATE_CLASS_BASE_EXCLUSION,FULL,10,9,RATE_CLASS_BASE_EXCL_ID,,N,
Reference / lookup,RATE_CLASS_BASE_INCLUSION,FULL,21,9,RATE_CLASS_BASE_INCL_ID,,N,
Reference / lookup,RATE_CLASS_TYPE,FULL,3,8,RATE_CLASS_TYPE,,N,
Reference / lookup,RATE_TYPE,FULL,11,7,"RATE_CLASS_CODE,RATE_TYPE_CODE",,N,
Reference / lookup,REPORT,FULL,54,8,REPORT_CODE,,N,
Reference / lookup,REPORT_CLASS,FULL,11,8,REPORT_CLASS_CODE,,N,
Reference / lookup,REPORT_STATUS,FULL,4,7,REPORT_STATUS_CODE,,N,
Reference / lookup,RESEARCH_AREAS,FULL,1855,9,RESEARCH_AREA_CODE,,N,
Reference / lookup,RIGHTS,EMPTY,0,8,RIGHT_ID,,N,"no rows in production; columns documented, no data file"
Reference / lookup,ROLE,EMPTY,0,13,ROLE_ID,,N,"no rows in production; columns documented, no data file"
Reference / lookup,ROLE_RIGHTS,EMPTY,0,7,"RIGHT_ID,ROLE_ID",,N,"no rows in production; columns documented, no data file"
Reference / lookup,ROLODEX,FULL,12942,30,ROLODEX_ID,"SPONSOR_CODE,ROLODEX_ID",Y,PII: send column structure + masked sample only
Reference / lookup,SCHOOL_CODE,FULL,4,6,SCHOOL_CODE,,N,
Reference / lookup,SCIENCE_KEYWORD,EMPTY,0,6,SCIENCE_KEYWORD_CODE,,N,"no rows in production; columns documented, no data file"
Reference / lookup,SPECIAL_REVIEW,FULL,8,7,SPECIAL_REVIEW_CODE,,N,
Reference / lookup,SPECIAL_REVIEW_USAGE,FULL,37,9,SPECIAL_REVIEW_USAGE_ID,,N,
Reference / lookup,SP_REV_APPROVAL_TYPE,FULL,3,6,APPROVAL_TYPE_CODE,,N,
Reference / lookup,TARGET_ROLE,EMPTY,0,8,ID,,N,"no rows in production; columns documented, no data file"
Reference / lookup,TBN,FULL,6,8,TBN_ID,,N,
Reference / lookup,USER_ROLES,EMPTY,0,8,"USER_ID,ROLE_ID,UNIT_NUMBER",UNIT_NUMBER,N,"no rows in production; columns documented, no data file"
Reference / lookup,VALID_AWARD_BASIS_PAYMENT,FULL,45,7,VALID_AWARD_BASIS_PAYMENT_ID,,N,
Reference / lookup,VALID_BASIS_METHOD_PMT,FULL,42,9,VALID_BASIS_METHOD_PMT_ID,,N,
Reference / lookup,VALID_CALC_TYPES,FULL,7,10,"CALC_TYPE_ID,RATE_CLASS_TYPE,DEPENDENT_SEQ_NUMBER",,N,
Reference / lookup,VALID_CE_JOB_CODES,EMPTY,0,6,"COST_ELEMENT,JOB_CODE",,N,"no rows in production; columns documented, no data file"
Reference / lookup,VALID_CE_RATE_TYPES,FULL,153,8,"COST_ELEMENT,RATE_CLASS_CODE,RATE_TYPE_CODE",,N,
Reference / lookup,VALID_CLASS_REPORT_FREQ,FULL,324,8,VALID_CLASS_REPORT_FREQ_ID,,N,
Reference / lookup,VALID_FREQUENCY_BASE,FULL,74,7,VALID_FREQUENCY_BASE_ID,,N,
Reference / lookup,VALID_NARR_FORMS,FULL,580,8,VALID_NARR_FORMS_ID,,N,
Reference / lookup,VALID_RATES,EMPTY,0,10,VALID_RATES_ID,,N,"no rows in production; columns documented, no data file"
Reference / lookup,VALID_SP_REV_APPROVAL,FULL,27,11,VALID_SP_REV_APPROVAL_ID,,N,
Reference / lookup,VAL_SRC_ACNTS_COST_TYP,EMPTY,0,8,CODE,,N,"no rows in production; columns documented, no data file"
Reference / lookup,VERSION_HISTORY,SAMPLE,372669,12,VERSION_HISTORY_ID,,N,
Sponsor,SPONSOR,FULL,7552,25,SPONSOR_CODE,"SPONSOR_CODE,ROLODEX_ID",N,
Sponsor,SPONSOR_FORMS,EMPTY,0,9,SPONSOR_FORM_ID,SPONSOR_CODE,N,"no rows in production; columns documented, no data file"
Sponsor,SPONSOR_FORM_TEMPLATES,EMPTY,0,11,SPONSOR_FORM_TEMPLATE_ID,,N,"no rows in production; columns documented, no data file"
Sponsor,SPONSOR_HIERARCHY,FULL,39,26,"HIERARCHY_NAME,SPONSOR_CODE",SPONSOR_CODE,N,
Sponsor,SPONSOR_HIERARCHY_MT,FULL,29,26,"HIERARCHY_NAME,SPONSOR_CODE",SPONSOR_CODE,N,
Sponsor,SPONSOR_IMPORT,FULL,160,13,,,N,
Sponsor,SPONSOR_SAM_MAPPING,FULL,645,20,,SPONSOR_CODE,N,
Sponsor,SPONSOR_TERM,FULL,293,8,SPONSOR_TERM_ID,,N,
Sponsor,SPONSOR_TERM_TYPE,FULL,10,6,SPONSOR_TERM_TYPE_CODE,,N,
Sponsor,SPONSOR_TYPE,FULL,14,6,SPONSOR_TYPE_CODE,,N,
Subaward,SUBAWARD,SAMPLE,93061,34,SUBAWARD_ID,"SUBAWARD_ID,SUBAWARD_CODE,SEQUENCE_NUMBER,DOCUMENT_NUMBER,ORGANIZATION_ID",N,
Subaward,SUBAWARD_AMOUNT_INFO,SAMPLE,195118,28,SUBAWARD_AMOUNT_INFO_ID,"SUBAWARD_ID,SUBAWARD_CODE,SEQUENCE_NUMBER",N,
Subaward,SUBAWARD_AMT_RELEASED,FULL,2,25,SUBAWARD_AMT_RELEASED_ID,"SUBAWARD_ID,SUBAWARD_CODE,SEQUENCE_NUMBER,DOCUMENT_NUMBER",N,
Subaward,SUBAWARD_APPROVAL_TYPE,FULL,28,6,SUBAWARD_APPROVAL_TYPE_CODE,,N,
Subaward,SUBAWARD_ATTACHMENTS,SAMPLE,491449,17,ATTACHMENT_ID,"SUBAWARD_ID,SUBAWARD_CODE,SEQUENCE_NUMBER",N,"binary payload: send metadata columns, not file content"
Subaward,SUBAWARD_ATTACHMENT_TYPE,FULL,15,6,ATTACHMENT_TYPE_CODE,,N,
Subaward,SUBAWARD_CLOSEOUT,EMPTY,0,14,SUBAWARD_CLOSEOUT_ID,"SUBAWARD_ID,SUBAWARD_CODE,SEQUENCE_NUMBER",N,"no rows in production; columns documented, no data file"
Subaward,SUBAWARD_COMMENT,EMPTY,0,11,SUBAWARD_COMMENT_ID,"SUBAWARD_ID,SUBAWARD_CODE,SEQUENCE_NUMBER",N,"no rows in production; columns documented, no data file"
Subaward,SUBAWARD_CONTACT,SAMPLE,194207,11,SUBAWARD_CONTACT_ID,"SUBAWARD_ID,SUBAWARD_CODE,SEQUENCE_NUMBER,ROLODEX_ID",Y,PII: send column structure + masked sample only
Subaward,SUBAWARD_DOCUMENT,SAMPLE,93061,5,DOCUMENT_NUMBER,DOCUMENT_NUMBER,N,
Subaward,SUBAWARD_FFATA_REPORTING,FULL,5206,14,SUBAWARD_FFATA_REPORTING_ID,SUBAWARD_ID,N,
Subaward,SUBAWARD_FORMS,FULL,18,10,FORM_ID,,N,
Subaward,SUBAWARD_FUNDING_SOURCE,FULL,7954,9,SUBAWARD_FUNDING_SOURCE_ID,"AWARD_ID,SUBAWARD_ID,SUBAWARD_CODE,SEQUENCE_NUMBER",N,
Subaward,SUBAWARD_MODIFICATION_TYPE,FULL,8,7,CODE,,N,
Subaward,SUBAWARD_NOTEPAD,EMPTY,0,13,SUBAWARD_NOTEPAD_ID,"SUBAWARD_ID,SUBAWARD_CODE",N,"no rows in production; columns documented, no data file"
Subaward,SUBAWARD_NOTIFICATION,SAMPLE,33161,13,NOTIFICATION_ID,"SUBAWARD_CODE,DOCUMENT_NUMBER",N,
Subaward,SUBAWARD_REPORTS,EMPTY,0,9,SUBAWARD_REPORT_ID,"SUBAWARD_ID,SUBAWARD_CODE,SEQUENCE_NUMBER",N,"no rows in production; columns documented, no data file"
Subaward,SUBAWARD_REPORT_TYPE,FULL,3,7,REPORT_TYPE_CODE,,N,
Subaward,SUBAWARD_STATUS,FULL,10,6,SUBAWARD_STATUS_CODE,,N,
Subaward,SUBAWARD_TEMPLATE_ATTACHMENTS,EMPTY,0,17,ATTACHMENT_ID,"SUBAWARD_ID,SUBAWARD_CODE,SEQUENCE_NUMBER",N,"binary payload: send metadata columns, not file content; no rows in production; columns documented, no data file"
Subaward,SUBAWARD_TEMPLATE_INFO,SAMPLE,93061,53,SUBAWARD_ID,"SUBAWARD_ID,SUBAWARD_CODE,SEQUENCE_NUMBER",N,
Subaward,SUBAWARD_TEMPLATE_TYPE,FULL,4,6,SUBAWARD_TEMPLATE_TYPE_CODE,,N,
Subaward,SUBAWARD_TMPL_ATTACH_TYPE,EMPTY,0,6,ATTACHMENT_TYPE_CODE,,N,"no rows in production; columns documented, no data file"
Subaward,SUBCONTRACT_COPYRIGHT_TYPE,FULL,2,6,COPYRIGHT_TYPE_CODE,,N,
Subaward,SUBCONTRACT_COST_TYPE,FULL,3,6,COST_TYPE_CODE,,N,
Subaward,SUBCONTRACT_EXP_CAT,EMPTY,0,13,AWARD_NUMBER,AWARD_NUMBER,N,"no rows in production; columns documented, no data file"
Subaward,SUBCONTRACT_EXP_CAT_DET,EMPTY,0,16,ID,AWARD_NUMBER,N,"no rows in production; columns documented, no data file"
Subaward,SUB_EXP_CAT_BY_FY,EMPTY,0,15,AWARD_NUMBER,AWARD_NUMBER,N,"no rows in production; columns documented, no data file"
Unit,KUALI_UNIT_ORG_MAP,FULL,152,4,,,N,
Unit,SOURCE_UNIT,EMPTY,0,7,ID,,N,"no rows in production; columns documented, no data file"
Unit,UNIT,FULL,5241,9,UNIT_NUMBER,"UNIT_NUMBER,ORGANIZATION_ID",N,
Unit,UNIT_ADMINISTRATOR,FULL,1016,7,"UNIT_NUMBER,PERSON_ID,UNIT_ADMINISTRATOR_TYPE_CODE","UNIT_NUMBER,PERSON_ID",N,
Unit,UNIT_ADMINISTRATOR_TYPE,FULL,11,8,UNIT_ADMINISTRATOR_TYPE_CODE,,N,
Unit,UNIT_CORRESPONDENT,EMPTY,0,10,UNIT_CORRESPONDENT_ID,"UNIT_NUMBER,PERSON_ID",N,"no rows in production; columns documented, no data file"
Unit,UNIT_FORMULATED_COST,EMPTY,0,8,UNIT_FORMULATED_COST_ID,UNIT_NUMBER,N,"no rows in production; columns documented, no data file"
Unit,UNIT_ROLE_SYNC,EMPTY,0,7,ID,,N,"no rows in production; columns documented, no data file"
